timestamp,household,device,attack_type,prediction,confidence,cpu_usage,ram_usage
02:56:56,Household_4,LightBulb_2,Scanning,malware,0.93,,
02:56:57,Household_3,Router,Normal,benign,0.99,,
02:56:58,Household_2,DoorLock,Scanning,malware,0.94,,
02:56:59,Household_1,Thermostat,Normal,benign,0.95,,
02:57:00,Household_4,LightBulb_2,Normal,benign,0.94,,
02:57:01,Household_4,Camera_4,Mirai,malware,0.9,,
02:57:02,Household_5,DoorLock_2,Mirai,malware,0.95,,
02:57:03,Household_1,Thermostat,Normal,benign,0.93,,
02:57:04,Household_4,Camera_4,DoS,malware,0.97,,
02:57:05,Household_1,LightBulb,Normal,benign,0.91,,
02:57:06,Household_4,Camera_4,Ransomware,malware,0.87,,
02:57:07,Household_2,DoorLock,Normal,benign,0.88,,
02:57:08,Household_1,LightBulb,Normal,benign,0.87,,
02:57:09,Household_3,Camera_3,Mirai,malware,0.96,,
02:57:10,Household_5,Router_2,Scanning,malware,0.98,,
02:57:11,Household_3,WeatherSensor,Ransomware,malware,0.86,,
02:57:12,Household_5,DoorLock_2,Scanning,malware,0.85,,
02:57:13,Household_5,DoorLock_2,Normal,benign,0.97,,
02:57:14,Household_4,Thermostat_2,Ransomware,malware,0.98,,
02:57:15,Household_3,Router,Mirai,malware,0.96,,
02:56:56,Monitor,RasPi,Normal,benign,0.87,21.6,22.4
02:56:56,Monitor,VM1,Normal,benign,0.92,35.9,21.8
02:56:56,Monitor,VM2,Normal,benign,0.95,36.3,27.5
02:56:56,Monitor,VM3,Normal,benign,0.97,79.3,69.5
02:56:56,Monitor,VM4,Mirai,malware,0.87,81.6,71.5
02:56:57,Household_5,SmartTV_2,Mirai,malware,0.9,,
02:56:58,Household_5,SmartTV_2,Mirai,malware,0.98,,
02:56:59,Household_1,Camera_1,Normal,benign,0.96,,
02:57:00,Household_3,WeatherSensor,Normal,benign,0.91,,
02:57:01,Household_5,DoorLock_2,Normal,benign,0.95,,
02:57:02,Household_3,Camera_3,Normal,benign,0.88,,
02:57:03,Household_2,DoorLock,Normal,benign,0.93,,
02:57:04,Household_5,Router_2,Mirai,malware,0.95,,
02:57:05,Household_3,WeatherSensor,Normal,benign,0.92,,
02:57:06,Household_3,WeatherSensor,Scanning,malware,0.88,,
02:57:07,Household_4,LightBulb_2,Normal,benign,0.91,,
02:57:08,Household_1,LightBulb,Normal,benign,0.9,,
02:57:09,Household_2,SmartTV,Normal,benign,0.92,,
02:57:10,Household_4,Camera_4,Normal,benign,0.89,,
02:57:11,Household_2,DoorLock,Normal,benign,0.91,,
02:57:12,Household_3,Camera_3,Scanning,malware,0.9,,
02:57:13,Household_3,Camera_3,Normal,benign,0.92,,
02:57:14,Household_5,SmartTV_2,DoS,malware,0.91,,
02:57:15,Household_2,Camera_2,Normal,benign,0.88,,
02:57:16,Household_2,SmartTV,Normal,benign,0.91,,
02:56:57,Monitor,RasPi,Mirai,malware,0.99,79.6,57.1
02:56:57,Monitor,VM1,Normal,benign,0.94,29.7,37.6
02:56:57,Monitor,VM2,Normal,benign,0.9,14.3,49.8
02:56:57,Monitor,VM3,Normal,benign,0.99,32.5,54.5
02:56:57,Monitor,VM4,Normal,benign,0.97,43.9,53.5
02:56:58,Household_1,LightBulb,Normal,benign,0.88,,
02:56:59,Household_5,DoorLock_2,Mirai,malware,0.93,,
02:57:00,Household_3,Camera_3,Ransomware,malware,0.87,,
02:57:01,Household_3,Router,Normal,benign,0.93,,
02:57:02,Household_1,Camera_1,Normal,benign,0.92,,
02:57:03,Household_5,Router_2,Scanning,malware,0.88,,
02:57:04,Household_4,Thermostat_2,Normal,benign,0.97,,
02:57:05,Household_4,LightBulb_2,DoS,malware,0.88,,
02:57:06,Household_4,LightBulb_2,Ransomware,malware,0.85,,
02:57:07,Household_5,SmartTV_2,Ransomware,malware,0.86,,
02:57:08,Household_5,DoorLock_2,Ransomware,malware,0.97,,
02:57:09,Household_5,SmartTV_2,DoS,malware,0.95,,
02:57:10,Household_2,DoorLock,Normal,benign,0.94,,
02:57:11,Household_2,Camera_2,Normal,benign,0.87,,
02:57:12,Household_2,Camera_2,Scanning,malware,0.89,,
02:57:13,Household_5,Router_2,Ransomware,malware,0.89,,
02:57:14,Household_2,SmartTV,Normal,benign,0.96,,
02:57:15,Household_2,Camera_2,Normal,benign,0.97,,
02:57:16,Household_2,DoorLock,Normal,benign,0.97,,
02:57:17,Household_1,LightBulb,Normal,benign,0.96,,
02:56:58,Monitor,RasPi,Normal,benign,0.94,48.8,33.1
02:56:58,Monitor,VM1,Normal,benign,0.9,46.8,50.9
02:56:58,Monitor,VM2,Scanning,malware,0.94,66.3,80.8
02:56:58,Monitor,VM3,Normal,benign,0.87,39.5,51.1
02:56:58,Monitor,VM4,Normal,benign,0.94,37.6,37.5
02:56:59,Household_3,WeatherSensor,Ransomware,malware,0.94,,
02:57:00,Household_5,Router_2,DoS,malware,0.94,,
02:57:01,Household_4,LightBulb_2,Ransomware,malware,0.97,,
02:57:02,Household_3,WeatherSensor,Ransomware,malware,0.87,,
02:57:03,Household_3,Router,Ransomware,malware,0.91,,
02:57:04,Household_3,Router,Mirai,malware,0.91,,
02:57:05,Household_1,Thermostat,Normal,benign,0.91,,
02:57:06,Household_4,Thermostat_2,Normal,benign,0.85,,
02:57:07,Household_2,Camera_2,DoS,malware,0.9,,
02:57:08,Household_1,Camera_1,Scanning,malware,0.91,,
02:57:09,Household_4,Camera_4,Ransomware,malware,0.88,,
02:57:10,Household_1,Thermostat,Normal,benign,0.93,,
02:57:11,Household_3,Camera_3,Normal,benign,0.85,,
02:57:12,Household_3,Camera_3,Normal,benign,0.93,,
02:57:13,Household_3,Router,Normal,benign,0.86,,
02:57:14,Household_3,WeatherSensor,Scanning,malware,0.85,,
02:57:15,Household_2,SmartTV,Normal,benign,0.97,,
02:57:16,Household_1,Thermostat,Normal,benign,0.87,,
02:57:17,Household_2,SmartTV,DoS,malware,0.97,,
02:57:18,Household_2,Camera_2,Normal,benign,0.89,,
02:56:59,Monitor,RasPi,Mirai,malware,0.91,81.0,88.6
02:56:59,Monitor,VM1,Normal,benign,0.92,18.4,23.5
02:56:59,Monitor,VM2,Normal,benign,0.85,45.0,30.0
02:56:59,Monitor,VM3,Normal,benign,0.92,44.5,53.8
02:56:59,Monitor,VM4,Normal,benign,0.85,36.5,48.9
02:57:00,Household_3,Camera_3,Normal,benign,0.99,,
02:57:01,Household_3,WeatherSensor,Normal,benign,0.96,,
02:57:02,Household_4,LightBulb_2,Ransomware,malware,0.94,,
02:57:03,Household_4,Camera_4,Mirai,malware,0.99,,
02:57:04,Household_5,SmartTV_2,DoS,malware,0.89,,
02:57:05,Household_2,DoorLock,Normal,benign,0.86,,
02:57:06,Household_2,Camera_2,Normal,benign,0.95,,
02:57:07,Household_1,Camera_1,Normal,benign,0.94,,
02:57:08,Household_5,SmartTV_2,DoS,malware,0.98,,
02:57:09,Household_3,Router,Normal,benign,0.93,,
02:57:10,Household_5,SmartTV_2,Scanning,malware,0.91,,
02:57:11,Household_4,Thermostat_2,Normal,benign,0.88,,
02:57:12,Household_2,Camera_2,Normal,benign,0.99,,
02:57:13,Household_3,Router,Normal,benign,0.99,,
02:57:14,Household_2,DoorLock,Scanning,malware,0.95,,
02:57:15,Household_1,Thermostat,Normal,benign,0.89,,
02:57:16,Household_1,LightBulb,Normal,benign,0.96,,
02:57:17,Household_5,Router_2,Mirai,malware,0.93,,
02:57:18,Household_2,DoorLock,Normal,benign,0.98,,
02:57:19,Household_3,Camera_3,Normal,benign,0.98,,
02:57:00,Monitor,RasPi,Normal,benign,0.99,17.3,49.1
02:57:00,Monitor,VM1,Normal,benign,0.87,36.5,30.0
02:57:00,Monitor,VM2,Normal,benign,0.87,14.0,48.8
02:57:00,Monitor,VM3,Normal,benign,0.9,21.1,41.4
02:57:00,Monitor,VM4,Scanning,malware,0.88,62.2,88.6
02:57:01,Household_3,Camera_3,Normal,benign,0.86,,
02:57:02,Household_2,DoorLock,Mirai,malware,0.89,,
02:57:03,Household_5,DoorLock_2,Mirai,malware,0.97,,
02:57:04,Household_2,Camera_2,DoS,malware,0.89,,
02:57:05,Household_3,WeatherSensor,DoS,malware,0.91,,
02:57:06,Household_3,Camera_3,DoS,malware,0.85,,
02:57:07,Household_2,Camera_2,Normal,benign,0.89,,
02:57:08,Household_4,Thermostat_2,Normal,benign,0.96,,
02:57:09,Household_2,SmartTV,Normal,benign,0.94,,
02:57:10,Household_3,WeatherSensor,DoS,malware,0.85,,
02:57:11,Household_1,Camera_1,Normal,benign,0.96,,
02:57:12,Household_3,WeatherSensor,Scanning,malware,0.85,,
02:57:13,Household_3,WeatherSensor,Normal,benign,0.99,,
02:57:14,Household_1,LightBulb,Normal,benign,0.93,,
02:57:15,Household_5,Router_2,DoS,malware,0.88,,
02:57:16,Household_4,Thermostat_2,Normal,benign,0.88,,
02:57:17,Household_5,DoorLock_2,Scanning,malware,0.98,,
02:57:18,Household_1,LightBulb,Normal,benign,0.86,,
02:57:19,Household_5,SmartTV_2,Mirai,malware,0.95,,
02:57:20,Household_3,WeatherSensor,DoS,malware,0.95,,
02:57:01,Monitor,RasPi,Normal,benign,0.88,22.6,32.6
02:57:01,Monitor,VM1,Normal,benign,0.87,29.7,30.2
02:57:01,Monitor,VM2,Normal,benign,0.93,13.1,47.1
02:57:01,Monitor,VM3,Normal,benign,0.96,10.9,33.6
02:57:01,Monitor,VM4,Normal,benign,0.91,34.1,29.7
02:57:02,Household_2,DoorLock,Normal,benign,0.96,,
02:57:03,Household_1,LightBulb,Normal,benign,0.89,,
02:57:04,Household_1,LightBulb,Normal,benign,0.91,,
02:57:05,Household_4,Camera_4,Normal,benign,0.97,,
02:57:06,Household_3,WeatherSensor,Normal,benign,0.98,,
02:57:07,Household_1,Thermostat,Normal,benign,0.92,,
02:57:08,Household_3,Router,Normal,benign,0.96,,
02:57:09,Household_4,Thermostat_2,DoS,malware,0.97,,
02:57:10,Household_4,Camera_4,Mirai,malware,0.91,,
02:57:11,Household_1,Camera_1,Normal,benign,0.97,,
02:57:12,Household_4,Camera_4,Mirai,malware,0.95,,
02:57:13,Household_1,Camera_1,Normal,benign,0.96,,
02:57:14,Household_5,DoorLock_2,Ransomware,malware,0.92,,
02:57:15,Household_5,DoorLock_2,Ransomware,malware,0.91,,
02:57:16,Household_1,Thermostat,Normal,benign,0.87,,
02:57:17,Household_1,LightBulb,Normal,benign,0.87,,
02:57:18,Household_2,SmartTV,Normal,benign,0.89,,
02:57:19,Household_5,DoorLock_2,Ransomware,malware,0.91,,
02:57:20,Household_3,Router,Normal,benign,0.98,,
02:57:21,Household_5,DoorLock_2,Mirai,malware,0.97,,
02:57:02,Monitor,RasPi,Normal,benign,0.89,42.8,41.5
02:57:02,Monitor,VM1,Normal,benign,0.99,48.2,47.2
02:57:02,Monitor,VM2,DoS,malware,0.94,70.1,60.2
02:57:02,Monitor,VM3,Normal,benign,0.98,22.2,52.0
02:57:02,Monitor,VM4,Normal,benign,0.98,45.2,23.7
02:57:03,Household_5,SmartTV_2,Ransomware,malware,0.88,,
02:57:04,Household_1,Camera_1,Normal,benign,0.97,,
02:57:05,Household_3,WeatherSensor,Ransomware,malware,0.97,,
02:57:06,Household_3,Router,Normal,benign,0.98,,
02:57:07,Household_1,LightBulb,Normal,benign,0.95,,
02:57:08,Household_4,Camera_4,Normal,benign,0.95,,
02:57:09,Household_4,LightBulb_2,Scanning,malware,0.9,,
02:57:10,Household_4,Camera_4,Normal,benign,0.88,,
02:57:11,Household_3,Camera_3,Normal,benign,0.85,,
02:57:12,Household_3,WeatherSensor,Normal,benign,0.94,,
02:57:13,Household_1,Thermostat,Normal,benign,0.87,,
02:57:14,Household_4,LightBulb_2,Normal,benign,0.9,,
02:57:15,Household_5,SmartTV_2,Ransomware,malware,0.86,,
02:57:16,Household_4,Thermostat_2,DoS,malware,0.96,,
02:57:17,Household_4,Thermostat_2,Mirai,malware,0.95,,
02:57:18,Household_5,SmartTV_2,Mirai,malware,0.9,,
02:57:19,Household_1,LightBulb,Normal,benign,0.98,,
02:57:20,Household_5,Router_2,Scanning,malware,0.95,,
02:57:21,Household_3,Camera_3,Ransomware,malware,0.92,,
02:57:22,Household_1,LightBulb,Normal,benign,0.96,,
02:57:03,Monitor,RasPi,Normal,benign,0.86,44.3,53.4
02:57:03,Monitor,VM1,Normal,benign,0.95,21.7,40.4
02:57:03,Monitor,VM2,Normal,benign,0.89,15.3,20.5
02:57:03,Monitor,VM3,Normal,benign,0.87,16.1,34.8
02:57:03,Monitor,VM4,Normal,benign,0.94,23.3,44.4
02:57:04,Household_5,Router_2,Ransomware,malware,0.99,,
02:57:05,Household_1,LightBulb,Normal,benign,0.92,,
02:57:06,Household_5,SmartTV_2,Normal,benign,0.97,,
02:57:07,Household_3,Camera_3,Normal,benign,0.95,,
02:57:08,Household_1,Thermostat,DoS,malware,0.86,,
02:57:09,Household_5,Router_2,DoS,malware,0.97,,
02:57:10,Household_5,Router_2,DoS,malware,0.89,,
02:57:11,Household_1,Camera_1,Normal,benign,0.86,,
02:57:12,Household_1,LightBulb,Normal,benign,0.93,,
02:57:13,Household_3,Router,Ransomware,malware,0.89,,
02:57:14,Household_1,Camera_1,Normal,benign,0.89,,
02:57:15,Household_1,LightBulb,Scanning,malware,0.86,,
02:57:16,Household_4,Camera_4,Normal,benign,0.96,,
02:57:17,Household_5,SmartTV_2,Scanning,malware,0.99,,
02:57:18,Household_5,SmartTV_2,Mirai,malware,0.85,,
02:57:19,Household_2,DoorLock,Normal,benign,0.97,,
02:57:20,Household_2,DoorLock,Normal,benign,0.88,,
02:57:21,Household_1,Camera_1,Normal,benign,0.86,,
02:57:22,Household_5,DoorLock_2,DoS,malware,0.97,,
02:57:23,Household_2,DoorLock,Normal,benign,0.88,,
02:57:04,Monitor,RasPi,Normal,benign,0.96,77.8,65.9
02:57:04,Monitor,VM1,Normal,benign,0.99,38.3,28.5
02:57:04,Monitor,VM2,Normal,benign,0.99,20.1,40.5
02:57:04,Monitor,VM3,Normal,benign,0.95,40.2,35.8
02:57:04,Monitor,VM4,Normal,benign,0.87,22.9,37.2
02:57:05,Household_1,Camera_1,Normal,benign,0.91,,
02:57:06,Household_5,DoorLock_2,Scanning,malware,0.88,,
02:57:07,Household_4,LightBulb_2,Mirai,malware,0.87,,
02:57:08,Household_4,Thermostat_2,Mirai,malware,0.94,,
02:57:09,Household_1,Thermostat,Normal,benign,0.92,,
02:57:10,Household_5,Router_2,Ransomware,malware,0.85,,
02:57:11,Household_2,SmartTV,Normal,benign,0.99,,
02:57:12,Household_5,SmartTV_2,Ransomware,malware,0.97,,
02:57:13,Household_3,WeatherSensor,DoS,malware,0.97,,
02:57:14,Household_4,LightBulb_2,DoS,malware,0.9,,
02:57:15,Household_5,SmartTV_2,Scanning,malware,0.87,,
02:57:16,Household_4,LightBulb_2,Scanning,malware,0.94,,
02:57:17,Household_5,Router_2,Ransomware,malware,0.99,,
02:57:18,Household_1,Thermostat,Normal,benign,0.9,,
02:57:19,Household_4,Thermostat_2,Normal,benign,0.87,,
02:57:20,Household_4,Thermostat_2,Mirai,malware,0.96,,
02:57:21,Household_5,DoorLock_2,Normal,benign,0.99,,
02:57:22,Household_1,Thermostat,Normal,benign,0.98,,
02:57:23,Household_1,LightBulb,Normal,benign,0.86,,
02:57:24,Household_5,Router_2,Mirai,malware,0.89,,
02:57:05,Monitor,RasPi,Normal,benign,0.9,14.3,41.2
02:57:05,Monitor,VM1,Normal,benign,0.95,35.9,24.7
02:57:05,Monitor,VM2,Normal,benign,0.87,27.8,37.9
02:57:05,Monitor,VM3,Normal,benign,0.96,35.4,25.8
02:57:05,Monitor,VM4,Normal,benign,0.97,38.4,27.8
02:57:06,Household_2,SmartTV,Normal,benign,0.98,,
02:57:07,Household_3,WeatherSensor,Normal,benign,0.95,,
02:57:08,Household_4,Thermostat_2,Mirai,malware,0.94,,
02:57:09,Household_1,LightBulb,Normal,benign,0.87,,
02:57:10,Household_4,Camera_4,DoS,malware,0.85,,
02:57:11,Household_5,DoorLock_2,Ransomware,malware,0.87,,
02:57:12,Household_3,Camera_3,Normal,benign,0.95,,
02:57:13,Household_1,Thermostat,Normal,benign,0.95,,
02:57:14,Household_5,Router_2,Normal,benign,0.95,,
02:57:15,Household_2,Camera_2,Normal,benign,0.92,,
02:57:16,Household_2,DoorLock,Normal,benign,0.86,,
02:57:17,Household_3,Camera_3,Normal,benign,0.99,,
02:57:18,Household_3,Camera_3,Normal,benign,0.98,,
02:57:19,Household_4,Thermostat_2,Normal,benign,0.9,,
02:57:20,Household_5,DoorLock_2,DoS,malware,0.87,,
02:57:21,Household_1,Camera_1,Mirai,malware,0.87,,
02:57:22,Household_2,Camera_2,Normal,benign,0.97,,
02:57:23,Household_2,SmartTV,DoS,malware,0.95,,
02:57:24,Household_5,DoorLock_2,Mirai,malware,0.86,,
02:57:25,Household_1,Thermostat,Normal,benign,0.86,,
02:57:06,Monitor,RasPi,Normal,benign,0.86,34.2,49.3
02:57:06,Monitor,VM1,DoS,malware,0.98,80.5,85.8
02:57:06,Monitor,VM2,Normal,benign,0.86,13.5,20.5
02:57:06,Monitor,VM3,Normal,benign,0.92,19.9,49.2
02:57:06,Monitor,VM4,Normal,benign,0.9,83.4,57.3
02:57:07,Household_1,Thermostat,Normal,benign,0.96,,
02:57:08,Household_5,DoorLock_2,DoS,malware,0.92,,
02:57:09,Household_3,Router,Scanning,malware,0.95,,
02:57:10,Household_4,LightBulb_2,Scanning,malware,0.91,,
02:57:11,Household_3,WeatherSensor,Normal,benign,0.93,,
02:57:12,Household_3,Camera_3,Mirai,malware,0.97,,
02:57:13,Household_5,DoorLock_2,DoS,malware,0.87,,
02:57:14,Household_2,SmartTV,Normal,benign,0.95,,
02:57:15,Household_1,LightBulb,Normal,benign,0.92,,
02:57:16,Household_2,Camera_2,Normal,benign,0.9,,
02:57:17,Household_2,DoorLock,Normal,benign,0.94,,
02:57:18,Household_1,Camera_1,Normal,benign,0.91,,
02:57:19,Household_2,SmartTV,Normal,benign,0.93,,
02:57:20,Household_4,LightBulb_2,DoS,malware,0.9,,
02:57:21,Household_2,DoorLock,Normal,benign,0.91,,
02:57:22,Household_5,SmartTV_2,Mirai,malware,0.97,,
02:57:23,Household_5,SmartTV_2,Ransomware,malware,0.96,,
02:57:24,Household_5,DoorLock_2,Mirai,malware,0.89,,
02:57:25,Household_5,SmartTV_2,DoS,malware,0.87,,
02:57:26,Household_2,DoorLock,Normal,benign,0.94,,
02:57:07,Monitor,RasPi,Normal,benign,0.92,48.0,31.7
02:57:07,Monitor,VM1,Normal,benign,0.92,45.9,33.1
02:57:07,Monitor,VM2,Normal,benign,0.87,34.4,32.1
02:57:07,Monitor,VM3,Ransomware,malware,0.91,75.4,70.1
02:57:07,Monitor,VM4,Normal,benign,0.86,25.3,49.8
02:57:08,Household_1,LightBulb,Normal,benign,0.95,,
02:57:09,Household_5,Router_2,Mirai,malware,0.86,,
02:57:10,Household_5,SmartTV_2,Scanning,malware,0.99,,
02:57:11,Household_2,DoorLock,Normal,benign,0.9,,
02:57:12,Household_3,WeatherSensor,DoS,malware,0.87,,
02:57:13,Household_4,Camera_4,Normal,benign,0.91,,
02:57:14,Household_5,SmartTV_2,DoS,malware,0.96,,
02:57:15,Household_5,DoorLock_2,Scanning,malware,0.99,,
02:57:16,Household_1,Camera_1,Normal,benign,0.96,,
02:57:17,Household_5,DoorLock_2,Ransomware,malware,0.97,,
02:57:18,Household_5,DoorLock_2,Scanning,malware,0.93,,
02:57:19,Household_1,Camera_1,Normal,benign,0.91,,
02:57:20,Household_3,WeatherSensor,Normal,benign,0.94,,
02:57:21,Household_1,Camera_1,Normal,benign,0.94,,
02:57:22,Household_2,SmartTV,DoS,malware,0.96,,
02:57:23,Household_4,Camera_4,Normal,benign,0.9,,
02:57:24,Household_5,DoorLock_2,Scanning,malware,0.87,,
02:57:25,Household_1,LightBulb,Normal,benign,0.86,,
02:57:26,Household_5,Router_2,Ransomware,malware,0.92,,
02:57:27,Household_3,Router,Normal,benign,0.86,,
02:57:08,Monitor,RasPi,Normal,benign,0.86,92.1,81.9
02:57:08,Monitor,VM1,Normal,benign,0.98,80.8,88.5
02:57:08,Monitor,VM2,Normal,benign,0.98,13.1,49.7
02:57:08,Monitor,VM3,Normal,benign,0.9,27.4,47.5
02:57:08,Monitor,VM4,Normal,benign,0.92,10.2,53.6
02:57:09,Household_2,Camera_2,Normal,benign,0.94,,
02:57:10,Household_2,SmartTV,Mirai,malware,0.9,,
02:57:11,Household_3,Camera_3,Scanning,malware,0.87,,
02:57:12,Household_1,LightBulb,Normal,benign,0.98,,
02:57:13,Household_3,WeatherSensor,Normal,benign,0.91,,
02:57:14,Household_5,DoorLock_2,Scanning,malware,0.99,,
02:57:15,Household_5,Router_2,DoS,malware,0.85,,
02:57:16,Household_3,Router,Scanning,malware,0.93,,
02:57:17,Household_3,WeatherSensor,Normal,benign,0.88,,
02:57:18,Household_1,LightBulb,Normal,benign,0.86,,
02:57:19,Household_5,SmartTV_2,Ransomware,malware,0.88,,
02:57:20,Household_5,SmartTV_2,Scanning,malware,0.85,,
02:57:21,Household_1,Thermostat,Normal,benign,0.96,,
02:57:22,Household_1,Camera_1,DoS,malware,0.93,,
02:57:23,Household_1,Thermostat,Normal,benign,0.96,,
02:57:24,Household_5,Router_2,Normal,benign,0.99,,
02:57:25,Household_2,SmartTV,Normal,benign,0.96,,
02:57:26,Household_2,DoorLock,Normal,benign,0.9,,
02:57:27,Household_1,Thermostat,Normal,benign,0.98,,
02:57:28,Household_4,Thermostat_2,Ransomware,malware,0.88,,
02:57:09,Monitor,RasPi,Normal,benign,0.89,37.3,45.4
02:57:09,Monitor,VM1,Normal,benign,0.87,22.6,46.7
02:57:09,Monitor,VM2,Normal,benign,0.97,25.9,36.5
02:57:09,Monitor,VM3,Normal,benign,0.92,82.2,62.3
02:57:09,Monitor,VM4,Normal,benign,0.92,47.5,41.9
02:57:10,Household_2,DoorLock,Normal,benign,0.96,,
02:57:11,Household_2,SmartTV,Normal,benign,0.86,,
02:57:12,Household_1,Camera_1,Normal,benign,0.87,,
02:57:13,Household_3,Camera_3,Normal,benign,0.93,,
02:57:14,Household_2,SmartTV,Ransomware,malware,0.93,,
02:57:15,Household_3,WeatherSensor,Normal,benign,0.95,,
02:57:16,Household_2,SmartTV,Normal,benign,0.96,,
02:57:17,Household_5,DoorLock_2,Mirai,malware,0.86,,
02:57:18,Household_3,Camera_3,Normal,benign,0.87,,
02:57:19,Household_5,Router_2,Mirai,malware,0.97,,
02:57:20,Household_5,SmartTV_2,Scanning,malware,0.89,,
02:57:21,Household_5,SmartTV_2,Ransomware,malware,0.95,,
02:57:22,Household_3,Router,Normal,benign,0.87,,
02:57:23,Household_5,SmartTV_2,Normal,benign,0.98,,
02:57:24,Household_1,Camera_1,Normal,benign,0.89,,
02:57:25,Household_1,LightBulb,Normal,benign,0.97,,
02:57:26,Household_4,LightBulb_2,DoS,malware,0.95,,
02:57:27,Household_4,Thermostat_2,Scanning,malware,0.87,,
02:57:28,Household_1,Thermostat,Normal,benign,0.98,,
02:57:29,Household_4,LightBulb_2,DoS,malware,0.87,,
02:57:10,Monitor,RasPi,Normal,benign,0.9,40.7,21.3
02:57:10,Monitor,VM1,DoS,malware,0.91,84.5,57.5
02:57:10,Monitor,VM2,Normal,benign,0.92,19.1,34.7
02:57:10,Monitor,VM3,Normal,benign,0.94,48.3,48.4
02:57:10,Monitor,VM4,Normal,benign,0.91,29.8,54.7
02:57:11,Household_4,Camera_4,Normal,benign,0.88,,
02:57:12,Household_3,Router,Ransomware,malware,0.88,,
02:57:13,Household_3,Router,Normal,benign,0.99,,
02:57:14,Household_5,SmartTV_2,Scanning,malware,0.9,,
02:57:15,Household_4,Thermostat_2,Mirai,malware,0.88,,
02:57:16,Household_5,SmartTV_2,Scanning,malware,0.97,,
02:57:17,Household_3,Camera_3,Ransomware,malware,0.88,,
02:57:18,Household_3,Camera_3,Scanning,malware,0.9,,
02:57:19,Household_4,Thermostat_2,Mirai,malware,0.92,,
02:57:20,Household_1,Camera_1,Normal,benign,0.86,,
02:57:21,Household_1,LightBulb,Normal,benign,0.89,,
02:57:22,Household_5,DoorLock_2,Mirai,malware,0.94,,
02:57:23,Household_2,SmartTV,Normal,benign,0.87,,
02:57:24,Household_3,Router,DoS,malware,0.87,,
02:57:25,Household_4,Thermostat_2,Normal,benign,0.91,,
02:57:26,Household_5,SmartTV_2,Scanning,malware,0.97,,
02:57:27,Household_4,LightBulb_2,Mirai,malware,0.92,,
02:57:28,Household_5,DoorLock_2,Scanning,malware,0.88,,
02:57:29,Household_2,SmartTV,Normal,benign,0.95,,
02:57:30,Household_3,Camera_3,DoS,malware,0.95,,
02:57:11,Monitor,RasPi,Normal,benign,0.96,11.2,28.3
02:57:11,Monitor,VM1,Normal,benign,0.85,92.7,67.5
02:57:11,Monitor,VM2,Mirai,malware,0.91,63.9,88.2
02:57:11,Monitor,VM3,Normal,benign,0.85,15.2,45.7
02:57:11,Monitor,VM4,Normal,benign,0.91,67.8,72.8
02:57:12,Household_4,Camera_4,Mirai,malware,0.93,,
02:57:13,Household_4,LightBulb_2,Ransomware,malware,0.85,,
02:57:14,Household_3,Camera_3,Ransomware,malware,0.86,,
02:57:15,Household_4,LightBulb_2,Mirai,malware,0.87,,
02:57:16,Household_1,LightBulb,Normal,benign,0.96,,
02:57:17,Household_3,WeatherSensor,Ransomware,malware,0.88,,
02:57:18,Household_2,Camera_2,Normal,benign,0.91,,
02:57:19,Household_4,Thermostat_2,Ransomware,malware,0.95,,
02:57:20,Household_2,DoorLock,Normal,benign,0.86,,
02:57:21,Household_5,Router_2,Mirai,malware,0.9,,
02:57:22,Household_1,Camera_1,Normal,benign,0.86,,
02:57:23,Household_3,Router,Normal,benign,0.92,,
02:57:24,Household_4,LightBulb_2,Mirai,malware,0.87,,
02:57:25,Household_2,SmartTV,Normal,benign,0.93,,
02:57:26,Household_2,SmartTV,Normal,benign,0.95,,
02:57:27,Household_2,DoorLock,Scanning,malware,0.87,,
02:57:28,Household_3,Router,Scanning,malware,0.96,,
02:57:29,Household_4,Camera_4,Ransomware,malware,0.96,,
02:57:30,Household_5,Router_2,Mirai,malware,0.91,,
02:57:31,Household_4,Thermostat_2,Normal,benign,0.9,,
02:57:12,Monitor,RasPi,Normal,benign,0.91,37.1,43.4
02:57:12,Monitor,VM1,Mirai,malware,0.95,68.5,56.8
02:57:12,Monitor,VM2,Scanning,malware,0.97,63.5,70.0
02:57:12,Monitor,VM3,Normal,benign,0.99,24.6,47.7
02:57:12,Monitor,VM4,Normal,benign,0.89,41.2,41.2
02:57:13,Household_5,DoorLock_2,DoS,malware,0.97,,
02:57:14,Household_3,Router,Normal,benign,0.9,,
02:57:15,Household_2,DoorLock,Scanning,malware,0.89,,
02:57:16,Household_2,SmartTV,Ransomware,malware,0.93,,
02:57:17,Household_5,DoorLock_2,Scanning,malware,0.96,,
02:57:18,Household_2,SmartTV,Normal,benign,0.96,,
02:57:19,Household_2,SmartTV,Scanning,malware,0.94,,
02:57:20,Household_5,SmartTV_2,Mirai,malware,0.95,,
02:57:21,Household_3,WeatherSensor,Normal,benign,0.89,,
02:57:22,Household_2,DoorLock,Normal,benign,0.9,,
02:57:23,Household_5,DoorLock_2,DoS,malware,0.98,,
02:57:24,Household_5,Router_2,Scanning,malware,0.9,,
02:57:25,Household_5,DoorLock_2,Ransomware,malware,0.93,,
02:57:26,Household_5,DoorLock_2,Mirai,malware,0.92,,
02:57:27,Household_1,LightBulb,Normal,benign,0.93,,
02:57:28,Household_3,Router,Normal,benign,0.97,,
02:57:29,Household_2,SmartTV,Normal,benign,0.88,,
02:57:30,Household_1,Camera_1,Scanning,malware,0.91,,
02:57:31,Household_1,Thermostat,Normal,benign,0.86,,
02:57:32,Household_5,Router_2,DoS,malware,0.99,,
02:57:13,Monitor,RasPi,Normal,benign,0.94,33.0,48.3
02:57:13,Monitor,VM1,Normal,benign,0.94,11.0,33.4
02:57:13,Monitor,VM2,Normal,benign,0.91,19.1,34.2
02:57:13,Monitor,VM3,Normal,benign,0.94,39.4,40.9
02:57:13,Monitor,VM4,Normal,benign,0.97,43.4,26.3
02:57:14,Household_3,Camera_3,Mirai,malware,0.95,,
02:57:15,Household_1,LightBulb,Normal,benign,0.92,,
02:57:16,Household_1,Thermostat,Normal,benign,0.93,,
02:57:17,Household_2,Camera_2,Normal,benign,0.89,,
02:57:18,Household_1,Thermostat,Normal,benign,0.95,,
02:57:19,Household_1,Thermostat,Normal,benign,0.92,,
02:57:20,Household_5,DoorLock_2,DoS,malware,0.89,,
02:57:21,Household_5,DoorLock_2,Ransomware,malware,0.89,,
02:57:22,Household_1,Thermostat,Normal,benign,0.99,,
02:57:23,Household_5,SmartTV_2,DoS,malware,0.98,,
02:57:24,Household_2,DoorLock,Normal,benign,0.86,,
02:57:25,Household_4,LightBulb_2,DoS,malware,0.95,,
02:57:26,Household_3,Router,Ransomware,malware,0.85,,
02:57:27,Household_3,Router,Normal,benign,0.97,,
02:57:28,Household_3,Router,Normal,benign,0.97,,
02:57:29,Household_3,Camera_3,Normal,benign,0.96,,
02:57:30,Household_5,Router_2,Scanning,malware,0.89,,
02:57:31,Household_4,Thermostat_2,Mirai,malware,0.9,,
02:57:32,Household_4,Camera_4,Normal,benign,0.87,,
02:57:33,Household_5,SmartTV_2,DoS,malware,0.95,,
02:57:14,Monitor,RasPi,Mirai,malware,0.92,79.0,59.0
02:57:14,Monitor,VM1,Normal,benign,0.92,42.7,44.2
02:57:14,Monitor,VM2,Normal,benign,0.89,14.1,30.3
02:57:14,Monitor,VM3,Normal,benign,0.93,36.9,26.5
02:57:14,Monitor,VM4,Scanning,malware,0.87,75.7,87.3
02:57:15,Household_2,DoorLock,Normal,benign,0.91,,
02:57:16,Household_5,DoorLock_2,Mirai,malware,0.9,,
02:57:17,Household_1,LightBulb,Normal,benign,0.93,,
02:57:18,Household_5,Router_2,Mirai,malware,0.94,,
02:57:19,Household_3,Router,Normal,benign,0.85,,
02:57:20,Household_2,SmartTV,Mirai,malware,0.93,,
02:57:21,Household_5,SmartTV_2,Normal,benign,0.98,,
02:57:22,Household_2,DoorLock,Normal,benign,0.86,,
02:57:23,Household_4,LightBulb_2,Mirai,malware,0.91,,
02:57:24,Household_1,LightBulb,DoS,malware,0.96,,
02:57:25,Household_5,DoorLock_2,Ransomware,malware,0.94,,
02:57:26,Household_3,Router,Normal,benign,0.85,,
02:57:27,Household_5,DoorLock_2,Mirai,malware,0.85,,
02:57:28,Household_1,Thermostat,Normal,benign,0.95,,
02:57:29,Household_1,Camera_1,Normal,benign,0.91,,
02:57:30,Household_5,Router_2,Mirai,malware,0.99,,
02:57:31,Household_4,Thermostat_2,DoS,malware,0.96,,
02:57:32,Household_2,Camera_2,Normal,benign,0.91,,
02:57:33,Household_5,SmartTV_2,Ransomware,malware,0.92,,
02:57:34,Household_2,SmartTV,Normal,benign,0.97,,
02:57:15,Monitor,RasPi,Normal,benign,0.87,66.5,82.2
02:57:15,Monitor,VM1,Normal,benign,0.96,14.5,53.6
02:57:15,Monitor,VM2,Normal,benign,0.9,44.8,39.9
02:57:15,Monitor,VM3,Normal,benign,0.86,60.1,77.7
02:57:15,Monitor,VM4,Normal,benign,0.98,32.7,25.4
02:57:16,Household_4,LightBulb_2,Normal,benign,0.98,,
02:57:17,Household_5,DoorLock_2,Normal,benign,0.98,,
02:57:18,Household_3,WeatherSensor,Ransomware,malware,0.88,,
02:57:19,Household_1,Camera_1,Normal,benign,0.93,,
02:57:20,Household_2,SmartTV,Ransomware,malware,0.93,,
02:57:21,Household_2,Camera_2,Normal,benign,0.95,,
02:57:22,Household_1,Thermostat,Normal,benign,0.94,,
02:57:23,Household_2,SmartTV,Normal,benign,0.93,,
02:57:24,Household_3,Camera_3,Normal,benign,0.98,,
02:57:25,Household_1,Thermostat,Normal,benign,0.94,,
02:57:26,Household_3,Router,Mirai,malware,0.95,,
02:57:27,Household_3,Router,Mirai,malware,0.93,,
02:57:28,Household_5,SmartTV_2,Mirai,malware,0.94,,
02:57:29,Household_4,Camera_4,DoS,malware,0.92,,
02:57:30,Household_5,SmartTV_2,DoS,malware,0.86,,
02:57:31,Household_3,Router,Normal,benign,0.85,,
02:57:32,Household_3,WeatherSensor,Normal,benign,0.9,,
02:57:33,Household_2,Camera_2,Ransomware,malware,0.94,,
02:57:34,Household_2,Camera_2,Mirai,malware,0.9,,
02:57:35,Household_1,Camera_1,Normal,benign,0.85,,
02:57:16,Monitor,RasPi,Normal,benign,0.89,21.3,38.6
02:57:16,Monitor,VM1,Normal,benign,0.98,22.8,43.2
02:57:16,Monitor,VM2,Normal,benign,0.93,33.8,41.6
02:57:16,Monitor,VM3,Normal,benign,0.91,28.4,47.9
02:57:16,Monitor,VM4,Normal,benign,0.93,33.0,32.4
02:57:17,Household_2,Camera_2,Scanning,malware,0.92,,
02:57:18,Household_5,Router_2,Normal,benign,0.97,,
02:57:19,Household_5,DoorLock_2,Ransomware,malware,0.9,,
02:57:20,Household_3,Router,Normal,benign,0.92,,
02:57:21,Household_1,Camera_1,Ransomware,malware,0.85,,
02:57:22,Household_3,Router,DoS,malware,0.86,,
02:57:23,Household_2,Camera_2,Normal,benign,0.94,,
02:57:24,Household_1,LightBulb,DoS,malware,0.9,,
02:57:25,Household_2,Camera_2,Normal,benign,0.99,,
02:57:26,Household_1,Camera_1,Normal,benign,0.94,,
02:57:27,Household_3,WeatherSensor,Normal,benign,0.99,,
02:57:28,Household_3,Camera_3,Normal,benign,0.89,,
02:57:29,Household_4,LightBulb_2,Normal,benign,0.85,,
02:57:30,Household_2,SmartTV,Scanning,malware,0.96,,
02:57:31,Household_2,SmartTV,Normal,benign,0.95,,
02:57:32,Household_2,SmartTV,Normal,benign,0.88,,
02:57:33,Household_1,Camera_1,Normal,benign,0.92,,
02:57:34,Household_4,Camera_4,Ransomware,malware,0.86,,
02:57:35,Household_3,WeatherSensor,Normal,benign,0.96,,
02:57:36,Household_4,LightBulb_2,Ransomware,malware,0.87,,
02:57:17,Monitor,RasPi,Normal,benign,0.93,24.3,26.4
02:57:17,Monitor,VM1,Normal,benign,0.88,44.4,34.3
02:57:17,Monitor,VM2,DoS,malware,0.87,85.2,62.8
02:57:17,Monitor,VM3,Normal,benign,0.97,48.9,48.1
02:57:17,Monitor,VM4,Normal,benign,0.92,41.4,36.9
02:57:18,Household_3,Router,DoS,malware,0.93,,
02:57:19,Household_3,Router,DoS,malware,0.88,,
02:57:20,Household_4,Thermostat_2,Mirai,malware,0.93,,
02:57:21,Household_3,WeatherSensor,Normal,benign,0.88,,
02:57:22,Household_4,LightBulb_2,Normal,benign,0.87,,
02:57:23,Household_3,Router,Normal,benign,0.89,,
02:57:24,Household_5,DoorLock_2,Scanning,malware,0.85,,
02:57:25,Household_3,Router,Normal,benign,0.92,,
02:57:26,Household_2,Camera_2,Mirai,malware,0.97,,
02:57:27,Household_3,Router,Normal,benign,0.94,,
02:57:28,Household_5,DoorLock_2,Mirai,malware,0.92,,
02:57:29,Household_2,SmartTV,Normal,benign,0.92,,
02:57:30,Household_4,LightBulb_2,DoS,malware,0.86,,
02:57:31,Household_1,Thermostat,Normal,benign,0.95,,
02:57:32,Household_4,Thermostat_2,DoS,malware,0.91,,
02:57:33,Household_5,DoorLock_2,Normal,benign,0.92,,
02:57:34,Household_2,Camera_2,Mirai,malware,0.93,,
02:57:35,Household_4,Thermostat_2,Normal,benign,0.92,,
02:57:36,Household_1,Camera_1,Normal,benign,0.94,,
02:57:37,Household_2,SmartTV,Normal,benign,0.93,,
02:57:18,Monitor,RasPi,Normal,benign,0.92,42.8,28.5
02:57:18,Monitor,VM1,Normal,benign,0.92,31.2,38.2
02:57:18,Monitor,VM2,Normal,benign,0.97,16.4,38.6
02:57:18,Monitor,VM3,Normal,benign,0.92,11.3,43.3
02:57:18,Monitor,VM4,DoS,malware,0.96,74.9,59.1
02:57:19,Household_1,LightBulb,Normal,benign,0.97,,
02:57:20,Household_5,Router_2,Ransomware,malware,0.96,,
02:57:21,Household_1,Thermostat,Normal,benign,0.88,,
02:57:22,Household_5,DoorLock_2,Mirai,malware,0.99,,
02:57:23,Household_3,Camera_3,Normal,benign,0.94,,
02:57:24,Household_1,Thermostat,Normal,benign,0.9,,
02:57:25,Household_4,LightBulb_2,Normal,benign,0.92,,
02:57:26,Household_4,LightBulb_2,Normal,benign,0.89,,
02:57:27,Household_3,Router,Scanning,malware,0.96,,
02:57:28,Household_2,SmartTV,Ransomware,malware,0.98,,
02:57:29,Household_5,SmartTV_2,Scanning,malware,0.95,,
02:57:30,Household_1,LightBulb,Normal,benign,0.98,,
02:57:31,Household_1,LightBulb,Normal,benign,0.88,,
02:57:32,Household_3,WeatherSensor,Ransomware,malware,0.95,,
02:57:33,Household_3,Camera_3,Ransomware,malware,0.91,,
02:57:34,Household_2,Camera_2,DoS,malware,0.88,,
02:57:35,Household_3,Router,Mirai,malware,0.89,,
02:57:36,Household_1,Thermostat,Normal,benign,0.89,,
02:57:37,Household_4,Thermostat_2,Normal,benign,0.85,,
02:57:38,Household_2,Camera_2,Normal,benign,0.98,,
02:57:19,Monitor,RasPi,Normal,benign,0.91,44.6,35.1
02:57:19,Monitor,VM1,Normal,benign,0.87,24.5,43.0
02:57:19,Monitor,VM2,Mirai,malware,0.97,91.3,86.4
02:57:19,Monitor,VM3,Normal,benign,0.9,12.2,32.1
02:57:19,Monitor,VM4,Normal,benign,0.98,38.4,30.0
02:57:20,Household_5,SmartTV_2,Scanning,malware,0.97,,
02:57:21,Household_5,SmartTV_2,Mirai,malware,0.98,,
02:57:22,Household_3,WeatherSensor,Ransomware,malware,0.94,,
02:57:23,Household_3,Router,Normal,benign,0.93,,
02:57:24,Household_2,SmartTV,DoS,malware,0.87,,
02:57:25,Household_5,SmartTV_2,Ransomware,malware,0.96,,
02:57:26,Household_5,Router_2,Scanning,malware,0.89,,
02:57:27,Household_3,WeatherSensor,Normal,benign,0.93,,
02:57:28,Household_5,Router_2,Mirai,malware,0.89,,
02:57:29,Household_2,DoorLock,Normal,benign,0.95,,
02:57:30,Household_1,LightBulb,Normal,benign,0.89,,
02:57:31,Household_1,Camera_1,Normal,benign,0.94,,
02:57:32,Household_2,DoorLock,Normal,benign,0.93,,
02:57:33,Household_3,WeatherSensor,Mirai,malware,0.91,,
02:57:34,Household_4,LightBulb_2,Normal,benign,0.97,,
02:57:35,Household_1,Camera_1,Normal,benign,0.92,,
02:57:36,Household_5,DoorLock_2,Scanning,malware,0.96,,
02:57:37,Household_1,Camera_1,Normal,benign,0.9,,
02:57:38,Household_2,Camera_2,Normal,benign,0.9,,
02:57:39,Household_5,DoorLock_2,Ransomware,malware,0.93,,
02:57:20,Monitor,RasPi,Normal,benign,0.98,37.8,47.8
02:57:20,Monitor,VM1,Ransomware,malware,0.96,90.1,65.3
02:57:20,Monitor,VM2,Normal,benign,0.97,94.6,85.0
02:57:20,Monitor,VM3,Scanning,malware,0.86,93.9,84.3
02:57:20,Monitor,VM4,Normal,benign,0.92,31.4,46.4
02:57:21,Household_2,SmartTV,Scanning,malware,0.88,,
02:57:22,Household_4,Camera_4,Normal,benign,0.98,,
02:57:23,Household_1,Thermostat,Normal,benign,0.87,,
02:57:24,Household_4,Camera_4,Ransomware,malware,0.92,,
02:57:25,Household_5,DoorLock_2,DoS,malware,0.89,,
02:57:26,Household_5,Router_2,Ransomware,malware,0.96,,
02:57:27,Household_5,DoorLock_2,Ransomware,malware,0.92,,
02:57:28,Household_5,SmartTV_2,Mirai,malware,0.87,,
02:57:29,Household_1,LightBulb,Normal,benign,0.91,,
02:57:30,Household_3,WeatherSensor,Ransomware,malware,0.92,,
02:57:31,Household_4,Camera_4,DoS,malware,0.97,,
02:57:32,Household_2,Camera_2,Normal,benign,0.94,,
02:57:33,Household_3,Camera_3,Normal,benign,0.89,,
02:57:34,Household_5,DoorLock_2,Scanning,malware,0.95,,
02:57:35,Household_4,Thermostat_2,Normal,benign,0.9,,
02:57:36,Household_5,DoorLock_2,Scanning,malware,0.89,,
02:57:37,Household_4,LightBulb_2,DoS,malware,0.98,,
02:57:38,Household_3,WeatherSensor,Normal,benign,0.87,,
02:57:39,Household_2,Camera_2,Normal,benign,0.98,,
02:57:40,Household_3,Router,Normal,benign,0.9,,
02:57:21,Monitor,RasPi,Normal,benign,0.85,42.6,44.8
02:57:21,Monitor,VM1,Normal,benign,0.94,28.6,29.7
02:57:21,Monitor,VM2,Normal,benign,0.89,38.1,27.4
02:57:21,Monitor,VM3,Normal,benign,0.87,35.9,39.9
02:57:21,Monitor,VM4,Normal,benign,0.88,42.5,22.6
02:57:22,Household_3,WeatherSensor,Normal,benign,0.99,,
02:57:23,Household_1,LightBulb,Normal,benign,0.91,,
02:57:24,Household_4,Thermostat_2,DoS,malware,0.94,,
02:57:25,Household_5,DoorLock_2,DoS,malware,0.91,,
02:57:26,Household_1,Thermostat,Normal,benign,0.94,,
02:57:27,Household_3,Router,DoS,malware,0.98,,
02:57:28,Household_3,Router,Normal,benign,0.88,,
02:57:29,Household_3,Camera_3,Mirai,malware,0.89,,
02:57:30,Household_1,Camera_1,Normal,benign,0.95,,
02:57:31,Household_1,Thermostat,Normal,benign,0.94,,
02:57:32,Household_1,Thermostat,Normal,benign,0.87,,
02:57:33,Household_5,Router_2,Mirai,malware,0.96,,
02:57:34,Household_3,Router,Mirai,malware,0.94,,
02:57:35,Household_4,Thermostat_2,DoS,malware,0.89,,
02:57:36,Household_2,DoorLock,Mirai,malware,0.85,,
02:57:37,Household_4,Thermostat_2,Normal,benign,0.9,,
02:57:38,Household_5,SmartTV_2,DoS,malware,0.99,,
02:57:39,Household_1,Camera_1,Normal,benign,0.89,,
02:57:40,Household_1,Camera_1,Normal,benign,0.92,,
02:57:41,Household_2,Camera_2,Normal,benign,0.85,,
02:57:22,Monitor,RasPi,Normal,benign,0.97,43.6,45.8
02:57:22,Monitor,VM1,Normal,benign,0.87,89.0,72.5
02:57:22,Monitor,VM2,Normal,benign,0.88,20.3,41.6
02:57:22,Monitor,VM3,Normal,benign,0.93,47.9,39.2
02:57:22,Monitor,VM4,Normal,benign,0.87,67.7,65.9
02:57:23,Household_3,Camera_3,Normal,benign,0.86,,
02:57:24,Household_4,Thermostat_2,DoS,malware,0.89,,
02:57:25,Household_1,Thermostat,Normal,benign,0.99,,
02:57:26,Household_5,SmartTV_2,Normal,benign,0.86,,
02:57:27,Household_5,DoorLock_2,DoS,malware,0.89,,
02:57:28,Household_1,Thermostat,Normal,benign,0.93,,
02:57:29,Household_5,SmartTV_2,Mirai,malware,0.89,,
02:57:30,Household_5,SmartTV_2,Ransomware,malware,0.85,,
02:57:31,Household_2,Camera_2,Normal,benign,0.91,,
02:57:32,Household_4,Thermostat_2,Normal,benign,0.97,,
02:57:33,Household_5,SmartTV_2,DoS,malware,0.89,,
02:57:34,Household_1,Camera_1,Normal,benign,0.98,,
02:57:35,Household_5,Router_2,Scanning,malware,0.91,,
02:57:36,Household_3,WeatherSensor,DoS,malware,0.89,,
02:57:37,Household_3,Camera_3,Normal,benign,0.93,,
02:57:38,Household_1,LightBulb,DoS,malware,0.92,,
02:57:39,Household_4,Thermostat_2,Normal,benign,0.86,,
02:57:40,Household_2,Camera_2,Ransomware,malware,0.95,,
02:57:41,Household_2,DoorLock,Normal,benign,0.99,,
02:57:42,Household_3,WeatherSensor,Normal,benign,0.9,,
02:57:23,Monitor,RasPi,Normal,benign,0.93,90.2,83.8
02:57:23,Monitor,VM1,Normal,benign,0.89,27.9,34.2
02:57:23,Monitor,VM2,Normal,benign,0.86,19.8,30.9
02:57:23,Monitor,VM3,DoS,malware,0.9,76.3,55.9
02:57:23,Monitor,VM4,Normal,benign,0.96,11.4,32.2
02:57:24,Household_3,Camera_3,DoS,malware,0.92,,
02:57:25,Household_4,LightBulb_2,Normal,benign,0.96,,
02:57:26,Household_3,Router,Scanning,malware,0.96,,
02:57:27,Household_2,DoorLock,DoS,malware,0.87,,
02:57:28,Household_4,LightBulb_2,Normal,benign,0.95,,
02:57:29,Household_3,Camera_3,Scanning,malware,0.97,,
02:57:30,Household_3,Camera_3,Normal,benign,0.9,,
02:57:31,Household_4,Thermostat_2,Mirai,malware,0.86,,
02:57:32,Household_3,WeatherSensor,Ransomware,malware,0.93,,
02:57:33,Household_4,Camera_4,Normal,benign,0.96,,
02:57:34,Household_4,Thermostat_2,Normal,benign,0.98,,
02:57:35,Household_4,Thermostat_2,Normal,benign,0.91,,
02:57:36,Household_4,Thermostat_2,Scanning,malware,0.93,,
02:57:37,Household_5,Router_2,Scanning,malware,0.92,,
02:57:38,Household_5,SmartTV_2,DoS,malware,0.96,,
02:57:39,Household_4,LightBulb_2,Mirai,malware,0.89,,
02:57:40,Household_1,LightBulb,Normal,benign,0.85,,
02:57:41,Household_4,LightBulb_2,Normal,benign,0.91,,
02:57:42,Household_3,Router,Ransomware,malware,0.9,,
02:57:43,Household_5,DoorLock_2,Normal,benign,0.92,,
02:57:24,Monitor,RasPi,Normal,benign,0.96,18.7,20.3
02:57:24,Monitor,VM1,Normal,benign,0.96,33.7,24.4
02:57:24,Monitor,VM2,Normal,benign,0.94,15.9,54.1
02:57:24,Monitor,VM3,Normal,benign,0.89,71.6,80.1
02:57:24,Monitor,VM4,Normal,benign,0.91,25.9,47.7
02:57:25,Household_4,Thermostat_2,DoS,malware,0.87,,
02:57:26,Household_3,Router,Normal,benign,0.96,,
02:57:27,Household_5,DoorLock_2,Ransomware,malware,0.88,,
02:57:28,Household_2,DoorLock,DoS,malware,0.92,,
02:57:29,Household_1,Camera_1,Normal,benign,0.95,,
02:57:30,Household_4,Camera_4,DoS,malware,0.88,,
02:57:31,Household_2,DoorLock,Normal,benign,0.98,,
02:57:32,Household_3,Router,Mirai,malware,0.94,,
02:57:33,Household_4,LightBulb_2,Scanning,malware,0.86,,
02:57:34,Household_1,Thermostat,Normal,benign,0.96,,
02:57:35,Household_5,Router_2,Scanning,malware,0.92,,
02:57:36,Household_4,LightBulb_2,Normal,benign,0.97,,
02:57:37,Household_1,Camera_1,Normal,benign,0.93,,
02:57:38,Household_5,Router_2,Mirai,malware,0.99,,
02:57:39,Household_3,WeatherSensor,Normal,benign,0.89,,
02:57:40,Household_2,Camera_2,Ransomware,malware,0.97,,
02:57:41,Household_5,DoorLock_2,DoS,malware,0.87,,
02:57:42,Household_1,Camera_1,Normal,benign,0.9,,
02:57:43,Household_3,WeatherSensor,Normal,benign,0.93,,
02:57:44,Household_3,Camera_3,DoS,malware,0.89,,
02:57:25,Monitor,RasPi,Normal,benign,0.94,42.4,41.0
02:57:25,Monitor,VM1,Normal,benign,0.93,30.7,49.3
02:57:25,Monitor,VM2,Normal,benign,0.86,28.3,27.5
02:57:25,Monitor,VM3,Normal,benign,0.92,16.8,53.6
02:57:25,Monitor,VM4,Normal,benign,0.9,32.4,46.5
02:57:26,Household_1,Camera_1,Normal,benign,0.93,,
02:57:27,Household_4,LightBulb_2,Normal,benign,0.88,,
02:57:28,Household_1,Camera_1,Normal,benign,0.9,,
02:57:29,Household_4,Thermostat_2,DoS,malware,0.91,,
02:57:30,Household_4,Camera_4,Scanning,malware,0.88,,
02:57:31,Household_3,Camera_3,Normal,benign,0.92,,
02:57:32,Household_1,Camera_1,Normal,benign,0.93,,
02:57:33,Household_4,LightBulb_2,DoS,malware,0.9,,
02:57:34,Household_1,Thermostat,Normal,benign,0.93,,
02:57:35,Household_4,Camera_4,Scanning,malware,0.85,,
02:57:36,Household_1,Thermostat,Normal,benign,0.97,,
02:57:37,Household_4,LightBulb_2,Normal,benign,0.97,,
02:57:38,Household_4,Camera_4,Mirai,malware,0.89,,
02:57:39,Household_2,Camera_2,Scanning,malware,0.92,,
02:57:40,Household_4,LightBulb_2,Scanning,malware,0.92,,
02:57:41,Household_2,Camera_2,Normal,benign,0.98,,
02:57:42,Household_2,Camera_2,Normal,benign,0.87,,
02:57:43,Household_5,Router_2,DoS,malware,0.98,,
02:57:44,Household_4,Thermostat_2,Normal,benign,0.88,,
02:57:45,Household_2,DoorLock,Scanning,malware,0.94,,
02:57:26,Monitor,RasPi,Normal,benign,0.85,29.8,23.7
02:57:26,Monitor,VM1,Normal,benign,0.9,17.9,30.9
02:57:26,Monitor,VM2,Normal,benign,0.97,64.0,88.7
02:57:26,Monitor,VM3,Normal,benign,0.93,17.5,44.6
02:57:26,Monitor,VM4,Normal,benign,0.87,29.3,34.3
02:57:27,Household_5,Router_2,Mirai,malware,0.9,,
02:57:28,Household_3,Camera_3,Normal,benign,0.91,,
02:57:29,Household_2,DoorLock,Normal,benign,0.97,,
02:57:30,Household_2,SmartTV,Normal,benign,0.97,,
02:57:31,Household_3,WeatherSensor,DoS,malware,0.95,,
02:57:32,Household_5,Router_2,Scanning,malware,0.98,,
02:57:33,Household_5,Router_2,DoS,malware,0.96,,
02:57:34,Household_1,Camera_1,Ransomware,malware,0.88,,
02:57:35,Household_5,SmartTV_2,Ransomware,malware,0.86,,
02:57:36,Household_2,Camera_2,Normal,benign,0.86,,
02:57:37,Household_1,LightBulb,Normal,benign,0.98,,
02:57:38,Household_4,LightBulb_2,DoS,malware,0.92,,
02:57:39,Household_4,Camera_4,Ransomware,malware,0.9,,
02:57:40,Household_1,LightBulb,Normal,benign,0.94,,
02:57:41,Household_2,Camera_2,Normal,benign,0.99,,
02:57:42,Household_1,Camera_1,Normal,benign,0.98,,
02:57:43,Household_5,Router_2,Normal,benign,0.91,,
02:57:44,Household_2,SmartTV,Normal,benign,0.95,,
02:57:45,Household_5,SmartTV_2,Normal,benign,0.87,,
02:57:46,Household_2,SmartTV,Normal,benign,0.87,,
02:57:27,Monitor,RasPi,Mirai,malware,0.97,76.9,72.2
02:57:27,Monitor,VM1,Normal,benign,0.98,32.8,36.0
02:57:27,Monitor,VM2,Normal,benign,0.86,46.9,42.9
02:57:27,Monitor,VM3,Mirai,malware,0.94,85.3,60.9
02:57:27,Monitor,VM4,Normal,benign,0.92,28.6,23.9
02:57:28,Household_3,Router,Normal,benign,0.92,,
02:57:29,Household_4,Thermostat_2,Ransomware,malware,0.93,,
02:57:30,Household_2,DoorLock,Mirai,malware,0.85,,
02:57:31,Household_2,SmartTV,Normal,benign,0.9,,
02:57:32,Household_3,Router,Normal,benign,0.98,,
02:57:33,Household_4,Thermostat_2,Mirai,malware,0.97,,
02:57:34,Household_2,DoorLock,Normal,benign,0.9,,
02:57:35,Household_5,Router_2,Ransomware,malware,0.89,,
02:57:36,Household_2,SmartTV,Normal,benign,0.87,,
02:57:37,Household_4,Thermostat_2,Normal,benign,0.99,,
02:57:38,Household_3,WeatherSensor,Scanning,malware,0.98,,
02:57:39,Household_5,DoorLock_2,Mirai,malware,0.92,,
02:57:40,Household_1,Thermostat,Normal,benign,0.9,,
02:57:41,Household_2,DoorLock,Scanning,malware,0.86,,
02:57:42,Household_4,LightBulb_2,Scanning,malware,0.9,,
02:57:43,Household_4,Camera_4,Scanning,malware,0.86,,
02:57:44,Household_1,Thermostat,Normal,benign,0.97,,
02:57:45,Household_2,SmartTV,Normal,benign,0.91,,
02:57:46,Household_2,SmartTV,DoS,malware,0.9,,
02:57:47,Household_4,LightBulb_2,Normal,benign,0.98,,
02:57:28,Monitor,RasPi,Normal,benign,0.87,29.8,30.4
02:57:28,Monitor,VM1,Normal,benign,0.97,41.6,40.2
02:57:28,Monitor,VM2,Normal,benign,0.97,25.4,50.1
02:57:28,Monitor,VM3,Normal,benign,0.86,39.6,42.9
02:57:28,Monitor,VM4,Normal,benign,0.88,21.2,49.1
02:57:29,Household_4,Camera_4,Normal,benign,0.96,,
02:57:30,Household_5,SmartTV_2,Ransomware,malware,0.88,,
02:57:31,Household_4,LightBulb_2,Ransomware,malware,0.98,,
02:57:32,Household_5,DoorLock_2,Ransomware,malware,0.94,,
02:57:33,Household_1,LightBulb,Normal,benign,0.88,,
02:57:34,Household_2,DoorLock,Normal,benign,0.96,,
02:57:35,Household_3,WeatherSensor,Mirai,malware,0.96,,
02:57:36,Household_1,Thermostat,Normal,benign,0.96,,
02:57:37,Household_5,Router_2,Mirai,malware,0.88,,
02:57:38,Household_1,Camera_1,Normal,benign,0.93,,
02:57:39,Household_5,DoorLock_2,Mirai,malware,0.89,,
02:57:40,Household_1,Thermostat,Normal,benign,0.91,,
02:57:41,Household_4,Thermostat_2,Scanning,malware,0.92,,
02:57:42,Household_1,LightBulb,Normal,benign,0.91,,
02:57:43,Household_5,Router_2,DoS,malware,0.97,,
02:57:44,Household_4,LightBulb_2,Ransomware,malware,0.95,,
02:57:45,Household_4,Camera_4,Normal,benign,0.95,,
02:57:46,Household_2,DoorLock,Normal,benign,0.94,,
02:57:47,Household_4,LightBulb_2,Ransomware,malware,0.93,,
02:57:48,Household_3,WeatherSensor,Normal,benign,0.89,,
02:57:29,Monitor,RasPi,Normal,benign,0.89,20.8,26.1
02:57:29,Monitor,VM1,Normal,benign,0.95,11.1,33.2
02:57:29,Monitor,VM2,Normal,benign,0.89,74.5,81.9
02:57:29,Monitor,VM3,Normal,benign,0.86,37.4,49.4
02:57:29,Monitor,VM4,Normal,benign,0.91,49.1,37.2
02:57:30,Household_5,SmartTV_2,Mirai,malware,0.92,,
02:57:31,Household_1,Camera_1,Normal,benign,0.85,,
02:57:32,Household_4,LightBulb_2,Scanning,malware,0.87,,
02:57:33,Household_3,Router,Mirai,malware,0.89,,
02:57:34,Household_2,SmartTV,Normal,benign,0.9,,
02:57:35,Household_1,Camera_1,Normal,benign,0.88,,
02:57:36,Household_3,WeatherSensor,Normal,benign,0.87,,
02:57:37,Household_3,WeatherSensor,Normal,benign,0.91,,
02:57:38,Household_5,DoorLock_2,Scanning,malware,0.99,,
02:57:39,Household_2,DoorLock,Normal,benign,0.93,,
02:57:40,Household_1,Camera_1,Normal,benign,0.99,,
02:57:41,Household_3,Router,Scanning,malware,0.99,,
02:57:42,Household_2,DoorLock,Normal,benign,0.91,,
02:57:43,Household_1,Thermostat,Normal,benign,0.99,,
02:57:44,Household_5,Router_2,DoS,malware,0.95,,
02:57:45,Household_4,LightBulb_2,Normal,benign,0.86,,
02:57:46,Household_4,Camera_4,Ransomware,malware,0.91,,
02:57:47,Household_3,Camera_3,DoS,malware,0.87,,
02:57:48,Household_3,Camera_3,Normal,benign,0.96,,
02:57:49,Household_4,Camera_4,Ransomware,malware,0.98,,
02:57:30,Monitor,RasPi,Normal,benign,0.98,37.8,39.7
02:57:30,Monitor,VM1,Normal,benign,0.92,17.5,54.1
02:57:30,Monitor,VM2,Normal,benign,0.97,12.1,32.8
02:57:30,Monitor,VM3,Normal,benign,0.87,10.7,46.9
02:57:30,Monitor,VM4,Normal,benign,0.88,29.5,27.8
02:57:31,Household_2,Camera_2,DoS,malware,0.88,,
02:57:32,Household_2,DoorLock,Normal,benign,0.93,,
02:57:33,Household_3,Camera_3,Normal,benign,0.85,,
02:57:34,Household_2,DoorLock,Mirai,malware,0.96,,
02:57:35,Household_2,DoorLock,DoS,malware,0.87,,
02:57:36,Household_1,Camera_1,Normal,benign,0.9,,
02:57:37,Household_3,Router,Ransomware,malware,0.96,,
02:57:38,Household_2,DoorLock,Normal,benign,0.85,,
02:57:39,Household_1,Thermostat,Normal,benign,0.93,,
02:57:40,Household_1,LightBulb,Mirai,malware,0.86,,
02:57:41,Household_2,SmartTV,Normal,benign,0.9,,
02:57:42,Household_3,Camera_3,Normal,benign,0.86,,
02:57:43,Household_4,Camera_4,DoS,malware,0.85,,
02:57:44,Household_1,LightBulb,Normal,benign,0.96,,
02:57:45,Household_2,Camera_2,Normal,benign,0.91,,
02:57:46,Household_1,Thermostat,Normal,benign,0.87,,
02:57:47,Household_4,LightBulb_2,Ransomware,malware,0.89,,
02:57:48,Household_4,LightBulb_2,Normal,benign,0.88,,
02:57:49,Household_5,SmartTV_2,Scanning,malware,0.89,,
02:57:50,Household_5,SmartTV_2,Scanning,malware,0.97,,
02:57:31,Monitor,RasPi,Normal,benign,0.86,20.2,25.7
02:57:31,Monitor,VM1,Normal,benign,0.91,44.3,50.4
02:57:31,Monitor,VM2,Normal,benign,0.98,36.6,49.8
02:57:31,Monitor,VM3,Normal,benign,0.95,15.8,31.5
02:57:31,Monitor,VM4,Normal,benign,0.96,35.4,47.6
02:57:32,Household_5,SmartTV_2,Ransomware,malware,0.9,,
02:57:33,Household_2,SmartTV,Normal,benign,0.87,,
02:57:34,Household_1,LightBulb,Normal,benign,0.95,,
02:57:35,Household_2,Camera_2,Scanning,malware,0.89,,
02:57:36,Household_2,DoorLock,Normal,benign,0.86,,
02:57:37,Household_3,Camera_3,Scanning,malware,0.97,,
02:57:38,Household_5,DoorLock_2,Ransomware,malware,0.99,,
02:57:39,Household_1,Camera_1,Normal,benign,0.97,,
02:57:40,Household_5,Router_2,Scanning,malware,0.98,,
02:57:41,Household_4,Camera_4,Normal,benign,0.86,,
02:57:42,Household_2,SmartTV,Normal,benign,0.94,,
02:57:43,Household_1,Camera_1,Normal,benign,0.95,,
02:57:44,Household_5,Router_2,Scanning,malware,0.92,,
02:57:45,Household_4,Thermostat_2,Normal,benign,0.91,,
02:57:46,Household_3,Router,Normal,benign,0.95,,
02:57:47,Household_5,DoorLock_2,Ransomware,malware,0.86,,
02:57:48,Household_1,LightBulb,Normal,benign,0.95,,
02:57:49,Household_1,Camera_1,Normal,benign,0.9,,
02:57:50,Household_1,Camera_1,Normal,benign,0.86,,
02:57:51,Household_4,Thermostat_2,Normal,benign,0.95,,
02:57:32,Monitor,RasPi,Normal,benign,0.95,16.1,50.6
02:57:32,Monitor,VM1,Normal,benign,0.91,13.1,43.9
02:57:32,Monitor,VM2,Normal,benign,0.95,45.4,20.7
02:57:32,Monitor,VM3,Normal,benign,0.98,67.6,60.0
02:57:32,Monitor,VM4,Normal,benign,0.86,13.3,30.1
02:57:33,Household_3,Router,Scanning,malware,0.89,,
02:57:34,Household_1,LightBulb,Normal,benign,0.89,,
02:57:35,Household_4,LightBulb_2,Normal,benign,0.93,,
02:57:36,Household_4,Thermostat_2,Ransomware,malware,0.92,,
02:57:37,Household_4,Thermostat_2,DoS,malware,0.93,,
02:57:38,Household_3,Router,Normal,benign,0.92,,
02:57:39,Household_2,DoorLock,Normal,benign,0.89,,
02:57:40,Household_5,Router_2,Scanning,malware,0.87,,
02:57:41,Household_1,LightBulb,Normal,benign,0.91,,
02:57:42,Household_5,DoorLock_2,Mirai,malware,0.9,,
02:57:43,Household_1,Camera_1,Normal,benign,0.89,,
02:57:44,Household_5,SmartTV_2,Scanning,malware,0.89,,
02:57:45,Household_1,Camera_1,Normal,benign,0.99,,
02:57:46,Household_3,WeatherSensor,Normal,benign,0.87,,
02:57:47,Household_5,Router_2,Ransomware,malware,0.93,,
02:57:48,Household_4,Thermostat_2,DoS,malware,0.97,,
02:57:49,Household_1,LightBulb,Normal,benign,0.89,,
02:57:50,Household_1,LightBulb,Normal,benign,0.87,,
02:57:51,Household_1,Camera_1,Normal,benign,0.98,,
02:57:52,Household_1,Thermostat,Normal,benign,0.94,,
02:57:33,Monitor,RasPi,Normal,benign,0.96,42.3,36.8
02:57:33,Monitor,VM1,Mirai,malware,0.92,64.5,73.6
02:57:33,Monitor,VM2,Normal,benign,0.92,49.1,20.0
02:57:33,Monitor,VM3,Normal,benign,0.88,30.1,51.2
02:57:33,Monitor,VM4,Normal,benign,0.86,29.3,20.1
02:57:34,Household_1,LightBulb,Normal,benign,0.93,,
02:57:35,Household_2,Camera_2,Normal,benign,0.97,,
02:57:36,Household_2,Camera_2,Normal,benign,0.92,,
02:57:37,Household_4,Camera_4,Mirai,malware,0.88,,
02:57:38,Household_1,Camera_1,Normal,benign,0.97,,
02:57:39,Household_4,Camera_4,Normal,benign,0.91,,
02:57:40,Household_2,DoorLock,Normal,benign,0.91,,
02:57:41,Household_4,LightBulb_2,Ransomware,malware,0.96,,
02:57:42,Household_2,Camera_2,Normal,benign,0.96,,
02:57:43,Household_3,Camera_3,Ransomware,malware,0.89,,
02:57:44,Household_4,LightBulb_2,Normal,benign,0.87,,
02:57:45,Household_1,Camera_1,Normal,benign,0.85,,
02:57:46,Household_4,LightBulb_2,Scanning,malware,0.93,,
02:57:47,Household_3,WeatherSensor,Normal,benign,0.88,,
02:57:48,Household_4,LightBulb_2,DoS,malware,0.93,,
02:57:49,Household_5,DoorLock_2,Normal,benign,0.9,,
02:57:50,Household_4,Camera_4,Mirai,malware,0.91,,
02:57:51,Household_2,Camera_2,Normal,benign,0.87,,
02:57:52,Household_5,Router_2,Ransomware,malware,0.93,,
02:57:53,Household_4,Thermostat_2,Scanning,malware,0.87,,
02:57:34,Monitor,RasPi,Normal,benign,0.88,39.2,45.4
02:57:34,Monitor,VM1,Normal,benign,0.88,42.7,51.3
02:57:34,Monitor,VM2,Normal,benign,0.91,12.3,50.0
02:57:34,Monitor,VM3,DoS,malware,0.99,74.9,76.2
02:57:34,Monitor,VM4,Normal,benign,0.95,47.4,39.6
02:57:35,Household_1,Thermostat,Mirai,malware,0.96,,
02:57:36,Household_1,Camera_1,DoS,malware,0.87,,
02:57:37,Household_1,Thermostat,Normal,benign,0.97,,
02:57:38,Household_3,WeatherSensor,Normal,benign,0.89,,
02:57:39,Household_3,WeatherSensor,Ransomware,malware,0.99,,
02:57:40,Household_2,Camera_2,Normal,benign,0.85,,
02:57:41,Household_4,Thermostat_2,DoS,malware,0.97,,
02:57:42,Household_1,LightBulb,Normal,benign,0.86,,
02:57:43,Household_5,Router_2,Scanning,malware,0.98,,
02:57:44,Household_1,LightBulb,Normal,benign,0.92,,
02:57:45,Household_5,Router_2,Ransomware,malware,0.87,,
02:57:46,Household_5,Router_2,Normal,benign,0.86,,
02:57:47,Household_4,Thermostat_2,Normal,benign,0.89,,
02:57:48,Household_1,Camera_1,Normal,benign,0.95,,
02:57:49,Household_4,LightBulb_2,Mirai,malware,0.93,,
02:57:50,Household_5,Router_2,Scanning,malware,0.91,,
02:57:51,Household_4,Camera_4,Normal,benign,0.97,,
02:57:52,Household_2,DoorLock,Mirai,malware,0.88,,
02:57:53,Household_5,DoorLock_2,DoS,malware,0.91,,
02:57:54,Household_3,WeatherSensor,Scanning,malware,0.93,,
02:57:35,Monitor,RasPi,Normal,benign,0.92,10.1,25.6
02:57:35,Monitor,VM1,Normal,benign,0.92,41.9,47.0
02:57:35,Monitor,VM2,DoS,malware,0.94,63.9,72.1
02:57:35,Monitor,VM3,Mirai,malware,0.97,86.4,81.5
02:57:35,Monitor,VM4,Normal,benign,0.95,22.2,31.4
02:57:36,Household_1,Camera_1,Normal,benign,0.99,,
02:57:37,Household_1,Thermostat,Ransomware,malware,0.93,,
02:57:38,Household_5,SmartTV_2,Scanning,malware,0.97,,
02:57:39,Household_2,Camera_2,Mirai,malware,0.86,,
02:57:40,Household_5,DoorLock_2,Scanning,malware,0.86,,
02:57:41,Household_4,Thermostat_2,Mirai,malware,0.94,,
02:57:42,Household_5,SmartTV_2,Normal,benign,0.87,,
02:57:43,Household_4,Thermostat_2,Ransomware,malware,0.93,,
02:57:44,Household_3,WeatherSensor,Normal,benign,0.91,,
02:57:45,Household_2,DoorLock,Normal,benign,0.9,,
02:57:46,Household_3,WeatherSensor,Normal,benign,0.92,,
02:57:47,Household_1,Thermostat,Normal,benign,0.99,,
02:57:48,Household_5,Router_2,Scanning,malware,0.86,,
02:57:49,Household_2,SmartTV,Scanning,malware,0.96,,
02:57:50,Household_2,SmartTV,Scanning,malware,0.99,,
02:57:51,Household_2,DoorLock,Normal,benign,0.96,,
02:57:52,Household_2,Camera_2,Ransomware,malware,0.95,,
02:57:53,Household_3,Camera_3,Scanning,malware,0.89,,
02:57:54,Household_5,DoorLock_2,DoS,malware,0.89,,
02:57:55,Household_1,Thermostat,Normal,benign,0.97,,
02:57:36,Monitor,RasPi,Normal,benign,0.96,25.5,48.1
02:57:36,Monitor,VM1,Normal,benign,0.99,11.7,38.8
02:57:36,Monitor,VM2,Normal,benign,0.95,70.4,67.9
02:57:36,Monitor,VM3,Normal,benign,0.97,19.1,37.4
02:57:36,Monitor,VM4,Normal,benign,0.93,37.1,31.2
02:57:37,Household_1,Thermostat,Normal,benign,0.95,,
02:57:38,Household_1,Camera_1,Normal,benign,0.88,,
02:57:39,Household_4,Thermostat_2,Normal,benign,0.91,,
02:57:40,Household_1,Thermostat,Normal,benign,0.88,,
02:57:41,Household_2,DoorLock,Normal,benign,0.9,,
02:57:42,Household_5,DoorLock_2,Mirai,malware,0.92,,
02:57:43,Household_3,WeatherSensor,Normal,benign,0.88,,
02:57:44,Household_2,Camera_2,Ransomware,malware,0.99,,
02:57:45,Household_5,DoorLock_2,Scanning,malware,0.96,,
02:57:46,Household_3,Router,Normal,benign,0.97,,
02:57:47,Household_1,LightBulb,Normal,benign,0.97,,
02:57:48,Household_2,DoorLock,Normal,benign,0.86,,
02:57:49,Household_1,LightBulb,Normal,benign,0.92,,
02:57:50,Household_2,SmartTV,Normal,benign,0.94,,
02:57:51,Household_2,DoorLock,Scanning,malware,0.86,,
02:57:52,Household_1,Thermostat,Normal,benign,0.86,,
02:57:53,Household_2,SmartTV,DoS,malware,0.92,,
02:57:54,Household_2,DoorLock,Mirai,malware,0.92,,
02:57:55,Household_1,Camera_1,Normal,benign,0.97,,
02:57:56,Household_2,SmartTV,Mirai,malware,0.89,,
02:57:37,Monitor,RasPi,Normal,benign,0.88,35.0,43.0
02:57:37,Monitor,VM1,Normal,benign,0.97,72.3,77.0
02:57:37,Monitor,VM2,Normal,benign,0.87,11.3,32.8
02:57:37,Monitor,VM3,Normal,benign,0.92,33.0,49.8
02:57:37,Monitor,VM4,Normal,benign,0.92,13.7,49.6
02:57:38,Household_5,Router_2,Normal,benign,0.97,,
02:57:39,Household_1,Camera_1,DoS,malware,0.87,,
02:57:40,Household_5,Router_2,Ransomware,malware,0.91,,
02:57:41,Household_3,Camera_3,Normal,benign,0.85,,
02:57:42,Household_1,Thermostat,Normal,benign,0.99,,
02:57:43,Household_1,LightBulb,Normal,benign,0.89,,
02:57:44,Household_5,DoorLock_2,Scanning,malware,0.94,,
02:57:45,Household_4,Thermostat_2,Normal,benign,0.95,,
02:57:46,Household_4,Camera_4,Mirai,malware,0.92,,
02:57:47,Household_1,Camera_1,Normal,benign,0.92,,
02:57:48,Household_1,LightBulb,Normal,benign,0.87,,
02:57:49,Household_3,Camera_3,DoS,malware,0.98,,
02:57:50,Household_1,Thermostat,Normal,benign,0.96,,
02:57:51,Household_3,WeatherSensor,Normal,benign,0.86,,
02:57:52,Household_1,Camera_1,Normal,benign,0.93,,
02:57:53,Household_5,Router_2,Mirai,malware,0.95,,
02:57:54,Household_2,DoorLock,Scanning,malware,0.94,,
02:57:55,Household_1,Camera_1,Normal,benign,0.97,,
02:57:56,Household_5,SmartTV_2,Ransomware,malware,0.89,,
02:57:57,Household_4,LightBulb_2,DoS,malware,0.85,,
02:57:38,Monitor,RasPi,Normal,benign,0.88,13.9,41.5
02:57:38,Monitor,VM1,Normal,benign,0.95,37.5,32.5
02:57:38,Monitor,VM2,Normal,benign,0.89,81.7,83.6
02:57:38,Monitor,VM3,Normal,benign,0.88,16.7,43.6
02:57:38,Monitor,VM4,Normal,benign,0.92,25.5,31.3
02:57:39,Household_2,Camera_2,Normal,benign,0.98,,
02:57:40,Household_2,Camera_2,Scanning,malware,0.87,,
02:57:41,Household_1,Camera_1,Normal,benign,0.91,,
02:57:42,Household_4,Camera_4,Normal,benign,0.89,,
02:57:43,Household_1,Thermostat,Normal,benign,0.92,,
02:57:44,Household_1,Camera_1,Normal,benign,0.87,,
02:57:45,Household_2,Camera_2,Normal,benign,0.91,,
02:57:46,Household_5,DoorLock_2,Ransomware,malware,0.89,,
02:57:47,Household_5,Router_2,Scanning,malware,0.89,,
02:57:48,Household_2,DoorLock,Normal,benign,0.96,,
02:57:49,Household_3,WeatherSensor,Normal,benign,0.95,,
02:57:50,Household_1,Thermostat,Normal,benign,0.93,,
02:57:51,Household_5,Router_2,Scanning,malware,0.86,,
02:57:52,Household_4,Camera_4,Ransomware,malware,0.9,,
02:57:53,Household_1,Camera_1,Normal,benign,0.94,,
02:57:54,Household_1,Camera_1,Normal,benign,0.86,,
02:57:55,Household_3,Router,DoS,malware,0.96,,
02:57:56,Household_5,Router_2,Mirai,malware,0.97,,
02:57:57,Household_1,Thermostat,Normal,benign,0.86,,
02:57:58,Household_1,Camera_1,Normal,benign,0.9,,
02:57:39,Monitor,RasPi,Normal,benign,0.9,34.4,21.6
02:57:39,Monitor,VM1,Mirai,malware,0.93,68.3,82.3
02:57:39,Monitor,VM2,Normal,benign,0.91,42.6,52.6
02:57:39,Monitor,VM3,Normal,benign,0.95,14.0,43.6
02:57:39,Monitor,VM4,Normal,benign,0.95,38.8,31.4
02:57:40,Household_2,DoorLock,Normal,benign,0.95,,
02:57:41,Household_2,DoorLock,Normal,benign,0.94,,
02:57:42,Household_1,LightBulb,Normal,benign,0.87,,
02:57:43,Household_5,SmartTV_2,Mirai,malware,0.95,,
02:57:44,Household_5,DoorLock_2,Mirai,malware,0.91,,
02:57:45,Household_1,LightBulb,Normal,benign,0.9,,
02:57:46,Household_1,Camera_1,Normal,benign,0.95,,
02:57:47,Household_3,WeatherSensor,Normal,benign,0.96,,
02:57:48,Household_2,DoorLock,Mirai,malware,0.86,,
02:57:49,Household_4,Camera_4,Normal,benign,0.86,,
02:57:50,Household_1,LightBulb,Normal,benign,0.89,,
02:57:51,Household_1,LightBulb,Normal,benign,0.88,,
02:57:52,Household_4,Thermostat_2,DoS,malware,0.98,,
02:57:53,Household_3,Camera_3,Ransomware,malware,0.98,,
02:57:54,Household_3,Camera_3,DoS,malware,0.85,,
02:57:55,Household_1,Camera_1,Normal,benign,0.93,,
02:57:56,Household_3,Router,Normal,benign,0.86,,
02:57:57,Household_5,DoorLock_2,Ransomware,malware,0.9,,
02:57:58,Household_2,Camera_2,Normal,benign,0.92,,
02:57:59,Household_1,Thermostat,Normal,benign,0.87,,
02:57:40,Monitor,RasPi,Normal,benign,0.96,25.3,52.9
02:57:40,Monitor,VM1,DoS,malware,0.92,73.5,59.6
02:57:40,Monitor,VM2,Normal,benign,0.87,39.6,36.2
02:57:40,Monitor,VM3,Normal,benign,0.97,36.4,39.6
02:57:40,Monitor,VM4,Normal,benign,0.89,32.5,42.7
02:57:41,Household_5,SmartTV_2,Scanning,malware,0.92,,
02:57:42,Household_4,Camera_4,Ransomware,malware,0.87,,
02:57:43,Household_2,Camera_2,Normal,benign,0.92,,
02:57:44,Household_2,SmartTV,Normal,benign,0.93,,
02:57:45,Household_2,DoorLock,Normal,benign,0.87,,
02:57:46,Household_2,Camera_2,Mirai,malware,0.98,,
02:57:47,Household_2,DoorLock,Normal,benign,0.89,,
02:57:48,Household_3,Router,Scanning,malware,0.98,,
02:57:49,Household_5,DoorLock_2,Normal,benign,0.87,,
02:57:50,Household_3,Camera_3,Normal,benign,0.98,,
02:57:51,Household_4,Camera_4,Ransomware,malware,0.87,,
02:57:52,Household_4,Camera_4,DoS,malware,0.97,,
02:57:53,Household_3,Router,Normal,benign,0.93,,
02:57:54,Household_5,DoorLock_2,DoS,malware,0.91,,
02:57:55,Household_4,Thermostat_2,Normal,benign,0.93,,
02:57:56,Household_3,Camera_3,Ransomware,malware,0.86,,
02:57:57,Household_1,Thermostat,Normal,benign,0.91,,
02:57:58,Household_4,Thermostat_2,Ransomware,malware,0.86,,
02:57:59,Household_5,DoorLock_2,DoS,malware,0.95,,
02:58:00,Household_2,SmartTV,Normal,benign,0.87,,
02:57:41,Monitor,RasPi,Normal,benign,0.87,30.2,51.1
02:57:41,Monitor,VM1,Normal,benign,0.96,39.8,47.1
02:57:41,Monitor,VM2,Normal,benign,0.92,18.7,38.6
02:57:41,Monitor,VM3,Normal,benign,0.87,30.6,31.0
02:57:41,Monitor,VM4,Normal,benign,0.89,29.1,38.9
02:57:42,Household_4,LightBulb_2,Ransomware,malware,0.89,,
02:57:43,Household_5,SmartTV_2,Ransomware,malware,0.92,,
02:57:44,Household_1,Camera_1,Normal,benign,0.9,,
02:57:45,Household_4,Camera_4,Normal,benign,0.93,,
02:57:46,Household_1,Camera_1,Normal,benign,0.96,,
02:57:47,Household_1,Camera_1,Normal,benign,0.94,,
02:57:48,Household_3,Router,DoS,malware,0.87,,
02:57:49,Household_1,Thermostat,Normal,benign,0.9,,
02:57:50,Household_2,SmartTV,Ransomware,malware,0.87,,
02:57:51,Household_4,LightBulb_2,Normal,benign,0.97,,
02:57:52,Household_1,LightBulb,Normal,benign,0.86,,
02:57:53,Household_5,DoorLock_2,Ransomware,malware,0.86,,
02:57:54,Household_5,Router_2,DoS,malware,0.98,,
02:57:55,Household_5,DoorLock_2,DoS,malware,0.85,,
02:57:56,Household_5,Router_2,Ransomware,malware,0.91,,
02:57:57,Household_3,WeatherSensor,Normal,benign,0.85,,
02:57:58,Household_5,DoorLock_2,DoS,malware,0.93,,
02:57:59,Household_1,Camera_1,Normal,benign,0.9,,
02:58:00,Household_5,DoorLock_2,DoS,malware,0.89,,
02:58:01,Household_2,Camera_2,Normal,benign,0.86,,
02:57:42,Monitor,RasPi,Normal,benign,0.95,17.4,51.5
02:57:42,Monitor,VM1,Normal,benign,0.88,45.1,47.1
02:57:42,Monitor,VM2,Normal,benign,0.94,35.3,24.5
02:57:42,Monitor,VM3,Normal,benign,0.85,16.3,28.9
02:57:42,Monitor,VM4,Normal,benign,0.91,27.2,39.3
02:57:43,Household_1,Thermostat,Normal,benign,0.99,,
02:57:44,Household_1,Camera_1,Normal,benign,0.92,,
02:57:45,Household_1,LightBulb,Normal,benign,0.9,,
02:57:46,Household_1,LightBulb,Normal,benign,0.95,,
02:57:47,Household_4,LightBulb_2,Normal,benign,0.9,,
02:57:48,Household_1,Thermostat,Normal,benign,0.88,,
02:57:49,Household_4,Camera_4,Mirai,malware,0.97,,
02:57:50,Household_1,Camera_1,Normal,benign,0.93,,
02:57:51,Household_2,Camera_2,Mirai,malware,0.85,,
02:57:52,Household_5,Router_2,Mirai,malware,0.99,,
02:57:53,Household_5,DoorLock_2,Mirai,malware,0.91,,
02:57:54,Household_2,SmartTV,DoS,malware,0.89,,
02:57:55,Household_2,DoorLock,Normal,benign,0.96,,
02:57:56,Household_5,SmartTV_2,DoS,malware,0.88,,
02:57:57,Household_2,SmartTV,Scanning,malware,0.96,,
02:57:58,Household_3,WeatherSensor,Normal,benign,0.93,,
02:57:59,Household_4,Camera_4,Normal,benign,0.9,,
02:58:00,Household_2,SmartTV,Normal,benign,0.87,,
02:58:01,Household_3,Camera_3,Normal,benign,0.89,,
02:58:02,Household_3,Camera_3,Normal,benign,0.95,,
02:57:43,Monitor,RasPi,Normal,benign,0.97,85.3,84.3
02:57:43,Monitor,VM1,DoS,malware,0.86,81.1,62.5
02:57:43,Monitor,VM2,Normal,benign,0.91,67.4,72.9
02:57:43,Monitor,VM3,Normal,benign,0.99,34.6,45.8
02:57:43,Monitor,VM4,Normal,benign,0.95,42.6,37.2
02:57:44,Household_5,SmartTV_2,DoS,malware,0.88,,
02:57:45,Household_3,Camera_3,Ransomware,malware,0.87,,
02:57:46,Household_2,Camera_2,Normal,benign,0.97,,
02:57:47,Household_4,LightBulb_2,DoS,malware,0.87,,
02:57:48,Household_3,Router,Scanning,malware,0.92,,
02:57:49,Household_3,WeatherSensor,Normal,benign,0.94,,
02:57:50,Household_4,LightBulb_2,Scanning,malware,0.96,,
02:57:51,Household_5,SmartTV_2,Ransomware,malware,0.93,,
02:57:52,Household_2,SmartTV,Normal,benign,0.91,,
02:57:53,Household_2,SmartTV,Normal,benign,0.98,,
02:57:54,Household_4,LightBulb_2,Mirai,malware,0.89,,
02:57:55,Household_1,Thermostat,Normal,benign,0.93,,
02:57:56,Household_2,SmartTV,Normal,benign,0.9,,
02:57:57,Household_3,Camera_3,Mirai,malware,0.96,,
02:57:58,Household_1,Camera_1,Normal,benign,0.94,,
02:57:59,Household_2,Camera_2,Normal,benign,0.93,,
02:58:00,Household_4,LightBulb_2,DoS,malware,0.87,,
02:58:01,Household_4,LightBulb_2,Normal,benign,0.94,,
02:58:02,Household_4,Thermostat_2,Normal,benign,0.93,,
02:58:03,Household_2,DoorLock,Normal,benign,0.86,,
02:57:44,Monitor,RasPi,Normal,benign,0.89,18.1,45.8
02:57:44,Monitor,VM1,Normal,benign,0.93,47.0,33.4
02:57:44,Monitor,VM2,Normal,benign,0.95,29.6,48.4
02:57:44,Monitor,VM3,Normal,benign,0.96,31.7,28.6
02:57:44,Monitor,VM4,Normal,benign,0.92,13.4,41.6
02:57:45,Household_1,Thermostat,Normal,benign,0.87,,
02:57:46,Household_2,Camera_2,Scanning,malware,0.91,,
02:57:47,Household_3,WeatherSensor,Normal,benign,0.94,,
02:57:48,Household_2,DoorLock,DoS,malware,0.95,,
02:57:49,Household_1,Camera_1,Normal,benign,0.88,,
02:57:50,Household_1,Camera_1,Normal,benign,0.87,,
02:57:51,Household_2,SmartTV,Normal,benign,0.97,,
02:57:52,Household_4,Thermostat_2,DoS,malware,0.9,,
02:57:53,Household_3,WeatherSensor,Normal,benign,0.96,,
02:57:54,Household_5,SmartTV_2,DoS,malware,0.91,,
02:57:55,Household_2,Camera_2,Normal,benign,0.89,,
02:57:56,Household_3,Router,Normal,benign,0.98,,
02:57:57,Household_4,LightBulb_2,Normal,benign,0.94,,
02:57:58,Household_4,LightBulb_2,Normal,benign,0.95,,
02:57:59,Household_2,DoorLock,Ransomware,malware,0.94,,
02:58:00,Household_4,Camera_4,Ransomware,malware,0.96,,
02:58:01,Household_4,Camera_4,Normal,benign,0.89,,
02:58:02,Household_3,WeatherSensor,DoS,malware,0.89,,
02:58:03,Household_4,Thermostat_2,Mirai,malware,0.91,,
02:58:04,Household_1,Camera_1,Normal,benign,0.85,,
02:57:45,Monitor,RasPi,Normal,benign,0.92,22.7,54.4
02:57:45,Monitor,VM1,Normal,benign,0.96,16.0,22.7
02:57:45,Monitor,VM2,Normal,benign,0.92,17.2,46.1
02:57:45,Monitor,VM3,Normal,benign,0.86,28.0,24.4
02:57:45,Monitor,VM4,Normal,benign,0.9,40.8,54.7
02:57:46,Household_5,Router_2,Normal,benign,0.92,,
02:57:47,Household_2,DoorLock,DoS,malware,0.89,,
02:57:48,Household_1,LightBulb,Normal,benign,0.93,,
02:57:49,Household_4,Thermostat_2,Ransomware,malware,0.86,,
02:57:50,Household_1,Camera_1,Normal,benign,0.9,,
02:57:51,Household_1,Thermostat,Normal,benign,0.94,,
02:57:52,Household_1,Camera_1,Normal,benign,0.88,,
02:57:53,Household_2,DoorLock,Normal,benign,0.92,,
02:57:54,Household_4,Camera_4,Ransomware,malware,0.96,,
02:57:55,Household_3,WeatherSensor,Normal,benign,0.91,,
02:57:56,Household_4,LightBulb_2,Mirai,malware,0.86,,
02:57:57,Household_5,Router_2,Scanning,malware,0.95,,
02:57:58,Household_3,Router,Normal,benign,0.98,,
02:57:59,Household_2,Camera_2,Normal,benign,0.9,,
02:58:00,Household_1,Thermostat,Normal,benign,0.99,,
02:58:01,Household_5,SmartTV_2,Scanning,malware,0.93,,
02:58:02,Household_1,Thermostat,Normal,benign,0.97,,
02:58:03,Household_5,DoorLock_2,Scanning,malware,0.95,,
02:58:04,Household_4,LightBulb_2,DoS,malware,0.93,,
02:58:05,Household_2,DoorLock,Normal,benign,0.87,,
02:57:46,Monitor,RasPi,Normal,benign,0.96,47.6,46.8
02:57:46,Monitor,VM1,Ransomware,malware,0.92,80.7,70.2
02:57:46,Monitor,VM2,Normal,benign,0.91,14.4,26.1
02:57:46,Monitor,VM3,Normal,benign,0.91,50.0,27.7
02:57:46,Monitor,VM4,Normal,benign,0.89,82.3,77.1
02:57:47,Household_3,Camera_3,Normal,benign,0.88,,
02:57:48,Household_3,WeatherSensor,DoS,malware,0.94,,
02:57:49,Household_5,DoorLock_2,Mirai,malware,0.91,,
02:57:50,Household_4,Thermostat_2,DoS,malware,0.85,,
02:57:51,Household_1,LightBulb,Normal,benign,0.95,,
02:57:52,Household_1,Camera_1,Normal,benign,0.88,,
02:57:53,Household_4,Camera_4,Mirai,malware,0.91,,
02:57:54,Household_3,Camera_3,Normal,benign,0.87,,
02:57:55,Household_1,LightBulb,Normal,benign,0.94,,
02:57:56,Household_3,Camera_3,Normal,benign,0.97,,
02:57:57,Household_4,Camera_4,DoS,malware,0.91,,
02:57:58,Household_1,Thermostat,Ransomware,malware,0.92,,
02:57:59,Household_2,DoorLock,Scanning,malware,0.91,,
02:58:00,Household_2,Camera_2,Normal,benign,0.9,,
02:58:01,Household_5,SmartTV_2,Scanning,malware,0.96,,
02:58:02,Household_2,Camera_2,Scanning,malware,0.89,,
02:58:03,Household_3,Camera_3,Mirai,malware,0.85,,
02:58:04,Household_1,LightBulb,Scanning,malware,0.97,,
02:58:05,Household_3,Router,Normal,benign,0.86,,
02:58:06,Household_3,Camera_3,Mirai,malware,0.9,,
02:57:47,Monitor,RasPi,Normal,benign,0.96,21.9,26.2
02:57:47,Monitor,VM1,Normal,benign,0.89,15.2,36.8
02:57:47,Monitor,VM2,Normal,benign,0.96,21.0,33.0
02:57:47,Monitor,VM3,Normal,benign,0.94,11.3,51.1
02:57:47,Monitor,VM4,Normal,benign,0.99,87.2,73.7
02:57:48,Household_1,Camera_1,Normal,benign,0.88,,
02:57:49,Household_1,LightBulb,Normal,benign,0.95,,
02:57:50,Household_3,Camera_3,Scanning,malware,0.92,,
02:57:51,Household_4,Thermostat_2,Mirai,malware,0.99,,
02:57:52,Household_1,Camera_1,Normal,benign,0.9,,
02:57:53,Household_3,Router,Normal,benign,0.99,,
02:57:54,Household_2,SmartTV,Normal,benign,0.97,,
02:57:55,Household_5,SmartTV_2,Ransomware,malware,0.97,,
02:57:56,Household_4,Camera_4,Scanning,malware,0.98,,
02:57:57,Household_2,Camera_2,Normal,benign,0.93,,
02:57:58,Household_5,SmartTV_2,DoS,malware,0.98,,
02:57:59,Household_1,Thermostat,Normal,benign,0.97,,
02:58:00,Household_5,SmartTV_2,Ransomware,malware,0.98,,
02:58:01,Household_4,Thermostat_2,Normal,benign,0.94,,
02:58:02,Household_2,SmartTV,Ransomware,malware,0.95,,
02:58:03,Household_2,SmartTV,Normal,benign,0.99,,
02:58:04,Household_2,DoorLock,Normal,benign,0.93,,
02:58:05,Household_1,Thermostat,Normal,benign,0.96,,
02:58:06,Household_2,SmartTV,Normal,benign,0.85,,
02:58:07,Household_5,DoorLock_2,DoS,malware,0.96,,
02:57:48,Monitor,RasPi,Normal,benign,0.9,82.2,72.2
02:57:48,Monitor,VM1,Normal,benign,0.88,14.7,30.2
02:57:48,Monitor,VM2,Normal,benign,0.9,45.0,46.5
02:57:48,Monitor,VM3,Normal,benign,0.89,10.6,22.0
02:57:48,Monitor,VM4,Normal,benign,0.97,12.3,36.9
02:57:49,Household_5,DoorLock_2,Ransomware,malware,0.93,,
02:57:50,Household_1,Camera_1,Ransomware,malware,0.91,,
02:57:51,Household_4,LightBulb_2,Ransomware,malware,0.87,,
02:57:52,Household_2,SmartTV,Normal,benign,0.93,,
02:57:53,Household_3,Router,Normal,benign,0.87,,
02:57:54,Household_4,LightBulb_2,Mirai,malware,0.85,,
02:57:55,Household_5,DoorLock_2,Scanning,malware,0.97,,
02:57:56,Household_3,WeatherSensor,Normal,benign,0.91,,
02:57:57,Household_5,DoorLock_2,Mirai,malware,0.92,,
02:57:58,Household_1,LightBulb,Normal,benign,0.93,,
02:57:59,Household_2,DoorLock,DoS,malware,0.9,,
02:58:00,Household_3,Router,Normal,benign,0.92,,
02:58:01,Household_1,LightBulb,Normal,benign,0.93,,
02:58:02,Household_3,Router,DoS,malware,0.92,,
02:58:03,Household_2,SmartTV,Scanning,malware,0.95,,
02:58:04,Household_5,Router_2,DoS,malware,0.91,,
02:58:05,Household_5,SmartTV_2,Mirai,malware,0.85,,
02:58:06,Household_3,Router,Normal,benign,0.99,,
02:58:07,Household_2,SmartTV,Scanning,malware,0.89,,
02:58:08,Household_4,Thermostat_2,DoS,malware,0.89,,
02:57:49,Monitor,RasPi,Normal,benign,0.88,23.8,31.5
02:57:49,Monitor,VM1,Normal,benign,0.87,43.2,44.8
02:57:49,Monitor,VM2,Normal,benign,0.98,46.8,51.1
02:57:49,Monitor,VM3,Normal,benign,0.97,17.6,38.6
02:57:49,Monitor,VM4,Normal,benign,0.93,30.0,49.6
